2.0141e+07,1424,1510,2564,1501,2638,1,1,2570,2643
2.0141e+07,1437,1510,2559,1501,2638,1,13,2576,2642
2.0141e+07,1443,1510,2556,1501,2634,1,12,2576,2642
2.0141e+07,1446,1510,2557,1501,2633,1,10,2576,2642
2.0141e+07,1454,1510,2570,1501,2643,1,7,2576,2642
2.0141e+07,0,1510,2550,1501,2652,1,0,2550,2652
2.0141e+07,42,1510,2550,1501,2652,1,0,2550,2652
2.0141e+07,904,1510,2570,1501,2637,-1,-17,2548,2632
2.0141e+07,907,1510,2558,1501,2636,1,-6,2546,2630
2.0141e+07,1052,1510,2561,1501,2646,-1,0,2557,2642
2.0141e+07,1055,1510,2559,1501,2642,-1,-1,2557,2641
2.0141e+07,1500,1510,2550,1501,2652,1,0,2550,2652
2.0141e+07,859,1510,2550,1501,2655,1,-7,2552,2664
2.0141e+07,901,1510,2550,1501,2657,1,-5,2550,2662
2.0141e+07,911,1510,2543,1501,2655,1,-1,2545,2658
2.0141e+07,913,1510,2547,1501,2660,1,1,2546,2658
2.0141e+07,935,1510,2547,1501,2662,1,1,2550,2664
2.0141e+07,946,1510,2548,1501,2663,1,2,2550,2663
2.0141e+07,948,1510,2547,1501,2662,1,1,2550,2664
2.0141e+07,952,1510,2548,1501,2664,1,1,2550,2665
2.0141e+07,957,1510,2544,1501,2662,1,3,2549,2664
2.0141e+07,1008,1510,2550,1501,2665,1,4,2547,2658
2.0141e+07,1010,1510,2549,1501,2664,1,4,2547,2658
2.0141e+07,1012,1510,2550,1501,2664,1,4,2547,2657
2.0141e+07,1014,1510,2549,1501,2663,1,1,2545,2658
2.0141e+07,1033,1510,2550,1501,2664,1,7,2547,2654
2.0141e+07,1035,1510,2549,1501,2663,1,4,2545,2655
2.0141e+07,1037,1510,2550,1501,2665,1,5,2547,2657
2.0141e+07,1041,1510,2551,1501,2664,1,2,2547,2658
2.0141e+07,1058,1510,2545,1501,2657,1,-4,2546,2662
2.0141e+07,1110,1510,2547,1501,2660,1,1,2548,2660
2.0141e+07,1112,1510,2546,1501,2659,1,1,2548,2660
2.0141e+07,1124,1510,2545,1501,2659,1,5,2553,2662
2.0141e+07,1128,1510,2546,1501,2662,1,8,2552,2660
2.0141e+07,1446,1510,2580,1501,2672,-1,-3,2585,2680
2.0141e+07,2157,1510,2585,1501,2680,-1,0,2585,2680
2.0141e+07,0,1510,2600,1501,2675,-1,0,2600,2675
2.0141e+07,56,1510,2600,1501,2675,-1,0,2600,2675
2.0141e+07,900,1510,2585,1501,2687,1,11,2603,2694
2.0141e+07,936,1510,2595,1501,2693,1,13,2592,2677
2.0141e+07,938,1510,2596,1501,2693,1,11,2589,2675
2.0141e+07,1008,1510,2589,1501,2675,1,5,2590,2671
2.0141e+07,1011,1510,2588,1501,2674,1,4,2591,2673
2.0141e+07,1035,1510,2582,1501,2671,1,8,2590,2671
2.0141e+07,1037,1510,2585,1501,2675,1,10,2590,2670
2.0141e+07,1447,1510,2601,1501,2674,-1,-2,2600,2675
2.0141e+07,859,1510,2591,1501,2676,1,4,2592,2673
2.0141e+07,907,1510,2602,1501,2672,-1,-10,2588,2668
2.0141e+07,914,1510,2586,1501,2665,1,2,2589,2666
2.0141e+07,0,1510,2571,1501,2614,-1,0,2571,2614
2.0141e+07,50,1510,2571,1501,2614,-1,0,2571,2614
2.0141e+07,909,1510,2588,1501,2656,-1,0,2580,2648
2.0141e+07,951,1510,2584,1501,2654,1,12,2598,2656
2.0141e+07,958,1510,2585,1501,2654,1,13,2597,2653
2.0141e+07,1002,1510,2584,1501,2653,1,22,2591,2638
2.0141e+07,1013,1510,2591,1501,2656,1,22,2592,2635
2.0141e+07,1039,1510,2596,1501,2657,1,29,2591,2623
2.0141e+07,1459,1510,2571,1501,2614,-1,0,2571,2614
2.0141e+07,100,1510,2582,1501,2630,1,0,2582,2630
2.0141e+07,859,1510,2571,1501,2601,-1,-8,2569,2607
2.0141e+07,1106,1510,2580,1501,2633,1,4,2589,2638
2.0141e+07,1416,1510,2574,1501,2625,1,0,2575,2626
2.0141e+07,1426,1510,2575,1501,2625,1,1,2576,2625
2.0141e+07,1447,1510,2575,1501,2627,1,4,2582,2630
2.0141e+07,0,1510,2537,1501,2609,1,0,2537,2609
2.0141e+07,48,1510,2537,1501,2609,1,0,2537,2609
2.0141e+07,901,1510,2579,1501,2632,-1,-10,2570,2633
2.0141e+07,917,1510,2575,1501,2634,1,-4,2576,2639
2.0141e+07,1458,1510,2537,1501,2610,1,1,2537,2609
2.0141e+07,2156,1510,2537,1501,2609,1,0,2537,2609
2.0141e+07,859,1510,2545,1501,2623,1,2,2553,2629
2.0141e+07,901,1510,2547,1501,2624,1,1,2552,2628
2.0141e+07,910,1510,2539,1501,2623,1,2,2547,2629
2.0141e+07,935,1510,2547,1501,2629,1,-2,2545,2629
2.0141e+07,938,1510,2547,1501,2629,1,2,2550,2630
2.0141e+07,952,1510,2547,1501,2631,1,3,2549,2630
2.0141e+07,954,1510,2542,1501,2628,1,3,2545,2628
2.0141e+07,958,1510,2541,1501,2626,1,1,2545,2629
2.0141e+07,1006,1510,2545,1501,2631,1,3,2547,2630
2.0141e+07,1039,1510,2545,1501,2628,1,-2,2546,2631
2.0141e+07,1054,1510,2542,1501,2629,1,5,2549,2631
2.0141e+07,1109,1510,2546,1501,2631,1,5,2549,2629
2.0141e+07,1114,1510,2547,1501,2634,1,10,2545,2622
2.0141e+07,859,1510,2549,1501,2622,1,5,2565,2633
2.0141e+07,0,1510,2578,1501,2662,1,0,2578,2662
2.0141e+07,54,1510,2578,1501,2662,1,0,2578,2662
2.0141e+07,900,1510,2593,1501,2659,-1,-10,2578,2654
2.0141e+07,902,1510,2593,1501,2660,-1,-7,2577,2651
2.0141e+07,1006,1510,2584,1501,2672,1,3,2583,2668
2.0141e+07,1119,1510,2580,1501,2666,1,0,2579,2665
2.0141e+07,0,1510,2575,1501,2642,-1,0,2575,2642
2.0141e+07,100,1510,2575,1501,2642,-1,0,2575,2642
2.0141e+07,859,1510,2573,1501,2660,1,-4,2573,2664
2.0141e+07,946,1510,2576,1501,2664,1,-1,2568,2657
2.0141e+07,952,1510,2576,1501,2664,1,-2,2570,2660
2.0141e+07,957,1510,2576,1501,2663,1,-3,2569,2659
2.0141e+07,959,1510,2578,1501,2664,1,-4,2568,2658
2.0141e+07,1004,1510,2577,1501,2664,1,-3,2571,2661
2.0141e+07,1037,1510,2570,1501,2660,1,1,2570,2659
2.0141e+07,1049,1510,2571,1501,2661,1,2,2572,2660
2.0141e+07,1051,1510,2570,1501,2660,1,2,2572,2660
2.0141e+07,1101,1510,2569,1501,2659,1,8,2566,2648
2.0141e+07,1107,1510,2570,1501,2659,1,15,2560,2634
2.0141e+07,1111,1510,2571,1501,2660,1,11,2558,2636
2.0141e+07,1123,1510,2570,1501,2659,1,7,2559,2641
2.0141e+07,1432,1510,2575,1501,2641,-1,-1,2575,2642
2.0141e+07,903,1510,2581,1501,2655,1,4,2581,2651
2.0141e+07,900,1510,2556,1501,2631,1,12,2552,2615
2.0141e+07,904,1510,2559,1501,2623,-1,1,2555,2618
2.0141e+07,0,1510,2535,1501,2620,1,0,2535,2620
2.0141e+07,100,1510,2535,1501,2620,1,0,2535,2620
2.0141e+07,859,1510,2541,1501,2604,-1,-10,2545,2618
2.0141e+07,907,1510,2542,1501,2621,1,6,2548,2621
2.0141e+07,0,1510,2517,1501,2614,1,0,2517,2614
2.0141e+07,100,1510,2517,1501,2614,1,0,2517,2614
2.0141e+07,1038,1510,2531,1501,2612,-1,-3,2531,2615
2.0141e+07,1445,1510,2516,1501,2614,1,1,2517,2614
2.0141e+07,1453,1510,2517,1501,2615,1,1,2517,2614
2.0141e+07,0,1510,2445,1501,2554,1,0,2445,2554
2.0141e+07,100,1510,2445,1501,2554,1,0,2445,2554
2.0141e+07,1437,1510,2439,1501,2554,1,6,2445,2554
2.0141e+07,1452,1510,2442,1501,2555,1,4,2445,2554
2.0141e+07,1454,1510,2440,1501,2553,1,4,2445,2554
2.0141e+07,1456,1510,2443,1501,2556,1,4,2445,2554
2.0141e+07,0,1510,2428,1501,2560,1,0,2428,2560
2.0141e+07,51,1510,2428,1501,2560,1,0,2428,2560
2.0141e+07,907,1510,2442,1501,2563,1,-2,2436,2559
2.0141e+07,901,1510,2432,1501,2556,-1,-9,2426,2559
2.0141e+07,1008,1510,2425,1501,2565,1,1,2420,2559
2.0141e+07,1049,1510,2419,1501,2562,1,5,2419,2557
2.0141e+07,1400,1510,2423,1501,2555,1,5,2423,2550
2.0141e+07,0,1510,2407,1501,2600,1,0,2407,2600
2.0141e+07,20,1510,2407,1501,2600,1,0,2407,2600
2.0141e+07,908,1510,2403,1501,2546,1,-9,2394,2546
2.0141e+07,948,1510,2398,1501,2547,-1,-3,2393,2545
2.0141e+07,950,1510,2397,1501,2548,-1,-1,2393,2545
2.0141e+07,958,1510,2392,1501,2548,-1,5,2393,2544
2.0141e+07,1056,1510,2393,1501,2545,-1,-3,2393,2548
2.0141e+07,1058,1510,2393,1501,2546,-1,-2,2393,2548
2.0141e+07,1103,1510,2394,1501,2548,-1,-7,2396,2557
2.0141e+07,1438,1510,2408,1501,2585,1,-16,2407,2600
2.0141e+07,1442,1510,2408,1501,2587,1,-14,2407,2600
2.0141e+07,0,1510,2421,1501,2567,-1,0,2421,2567
2.0141e+07,36,1510,2421,1501,2567,-1,0,2421,2567
2.0141e+07,907,1510,2431,1501,2602,-1,14,2437,2594
2.0141e+07,917,1510,2435,1501,2596,-1,9,2434,2586
2.0141e+07,1000,1510,2435,1501,2593,1,1,2435,2592
2.0141e+07,1040,1510,2434,1501,2591,1,2,2439,2594
2.0141e+07,1348,1510,2437,1501,2573,-1,-9,2429,2574
2.0141e+07,1440,1510,2425,1501,2569,-1,-2,2421,2567
2.0141e+07,1443,1510,2425,1501,2567,-1,-4,2421,2567
2.0141e+07,0,1510,2428,1501,2586,1,0,2428,2586
2.0141e+07,58,1510,2428,1501,2586,1,0,2428,2586
2.0141e+07,909,1510,2415,1501,2572,1,2,2421,2576
2.0141e+07,925,1510,2420,1501,2579,1,5,2420,2574
2.0141e+07,1120,1510,2417,1501,2578,1,-9,2406,2576
2.0141e+07,1122,1510,2416,1501,2578,1,-9,2404,2575
2.0141e+07,1410,1510,2402,1501,2576,1,8,2415,2581
2.0141e+07,1428,1510,2413,1501,2581,1,10,2427,2585
2.0141e+07,1430,1510,2414,1501,2581,1,9,2428,2586
2.0141e+07,1441,1510,2415,1501,2582,1,9,2428,2586
2.0141e+07,859,1510,2414,1501,2575,1,-4,2422,2587
2.0141e+07,947,1510,2416,1501,2580,1,1,2416,2579
2.0141e+07,1000,1510,2416,1501,2582,1,5,2418,2579
2.0141e+07,0,1510,2512,1501,2649,-1,0,2512,2649
2.0141e+07,57,1510,2512,1501,2649,-1,0,2512,2649
2.0141e+07,859,1510,2430,1501,2590,1,1,2434,2593
2.0141e+07,957,1510,2443,1501,2596,1,1,2441,2593
2.0141e+07,1001,1510,2441,1501,2593,1,0,2442,2594
2.0141e+07,1009,1510,2443,1501,2595,1,2,2442,2592
2.0141e+07,1014,1510,2443,1501,2594,1,-2,2442,2595
2.0141e+07,1036,1510,2441,1501,2592,1,-2,2442,2595
2.0141e+07,1039,1510,2441,1501,2592,1,-2,2443,2596
2.0141e+07,1042,1510,2441,1501,2593,1,-1,2441,2594
2.0141e+07,1059,1510,2442,1501,2595,1,2,2438,2589
2.0141e+07,1101,1510,2442,1501,2595,1,2,2437,2588
2.0141e+07,1105,1510,2442,1501,2596,1,2,2440,2592
2.0141e+07,1333,1510,2439,1501,2593,1,3,2441,2592
2.0141e+07,1429,1510,2446,1501,2604,1,20,2512,2650
2.0141e+07,1439,1510,2477,1501,2619,-1,5,2512,2649
2.0141e+07,0,1510,2523,1501,2638,-1,0,2523,2638
2.0141e+07,56,1510,2523,1501,2638,-1,0,2523,2638
2.0141e+07,859,1510,2490,1501,2629,1,3,2497,2633
2.0141e+07,914,1510,2498,1501,2635,-1,-3,2492,2632
2.0141e+07,939,1510,2492,1501,2632,1,-2,2492,2634
2.0141e+07,941,1510,2491,1501,2630,1,-1,2495,2635
2.0141e+07,943,1510,2492,1501,2631,1,2,2497,2634
2.0141e+07,954,1510,2495,1501,2635,1,5,2498,2633
2.0141e+07,1031,1510,2493,1501,2632,1,11,2508,2636
2.0141e+07,1037,1510,2496,1501,2632,1,7,2508,2637
2.0141e+07,1041,1510,2498,1501,2633,1,7,2507,2635
2.0141e+07,1045,1510,2500,1501,2634,1,4,2506,2636
2.0141e+07,1048,1510,2502,1501,2636,1,5,2507,2636
2.0141e+07,1057,1510,2505,1501,2634,1,1,2512,2640
2.0141e+07,1115,1510,2506,1501,2636,1,10,2525,2645
2.0141e+07,1405,1510,2551,1501,2655,-1,-13,2523,2640
2.0141e+07,1446,1510,2521,1501,2636,-1,0,2523,2638
2.0141e+07,1452,1510,2524,1501,2635,-1,-4,2523,2638
2.0141e+07,1454,1510,2524,1501,2636,-1,-3,2523,2638
2.0141e+07,1457,1510,2524,1501,2635,-1,-4,2523,2638
2.0141e+07,0,1510,2512,1501,2604,-1,0,2512,2604
2.0141e+07,56,1510,2512,1501,2604,-1,0,2512,2604
2.0141e+07,912,1510,2486,1501,2614,-1,17,2506,2617
2.0141e+07,915,1510,2493,1501,2614,-1,10,2506,2617
2.0141e+07,947,1510,2505,1501,2617,1,10,2501,2603
2.0141e+07,950,1510,2503,1501,2613,1,17,2502,2595
2.0141e+07,1006,1510,2503,1501,2608,1,20,2509,2594
2.0141e+07,1011,1510,2506,1501,2611,1,12,2507,2600
2.0141e+07,1041,1510,2505,1501,2602,1,2,2511,2606
2.0141e+07,1043,1510,2506,1501,2603,1,3,2512,2606
2.0141e+07,1054,1510,2508,1501,2601,1,3,2518,2608
2.0141e+07,1457,1510,2511,1501,2601,-1,-2,2512,2604
2.0141e+07,0,1510,2494,1501,2605,1,0,2494,2605
2.0141e+07,54,1510,2494,1501,2605,1,0,2494,2605
2.0141e+07,906,1510,2540,1501,2610,-1,1,2542,2611
2.0141e+07,943,1510,2543,1501,2610,-1,-11,2524,2602
2.0141e+07,1004,1510,2528,1501,2602,-1,-16,2513,2603
2.0141e+07,1009,1510,2524,1501,2602,-1,-8,2517,2603
2.0141e+07,1047,1510,2511,1501,2602,-1,8,2520,2603
2.0141e+07,1102,1510,2518,1501,2604,-1,-5,2510,2601
2.0141e+07,1105,1510,2519,1501,2604,-1,-4,2511,2600
2.0141e+07,1107,1510,2518,1501,2602,-1,-3,2513,2600
2.0141e+07,1418,1510,2506,1501,2599,1,-6,2492,2591
2.0141e+07,1420,1510,2503,1501,2598,1,-6,2492,2593
2.0141e+07,1441,1510,2487,1501,2594,1,-4,2494,2605
2.0141e+07,1451,1510,2492,1501,2594,1,-9,2494,2605
2.0141e+07,0,1510,2525,1501,2622,-1,0,2525,2622
2.0141e+07,100,1510,2525,1501,2622,-1,0,2525,2622
2.0141e+07,1035,1510,2494,1501,2605,1,9,2507,2609
2.0141e+07,1122,1510,2499,1501,2609,1,2,2524,2632
2.0141e+07,1126,1510,2494,1501,2608,1,8,2522,2628
2.0141e+07,1349,1510,2524,1501,2634,1,9,2518,2619
2.0141e+07,1400,1510,2524,1501,2621,-1,-2,2523,2622
2.0141e+07,859,1510,2525,1501,2627,1,11,2537,2628
2.0141e+07,1010,1510,2572,1501,2648,-1,-6,2557,2639
2.0141e+07,100,1510,2546,1501,2641,1,0,2546,2641
2.0141e+07,859,1510,2557,1501,2640,-1,-4,2543,2630
2.0141e+07,0,1510,2529,1501,2646,1,0,2529,2646
2.0141e+07,47,1510,2529,1501,2646,1,0,2529,2646
2.0141e+07,913,1510,2564,1501,2661,1,-5,2562,2664
2.0141e+07,1436,1510,2553,1501,2662,1,-8,2529,2646
2.0141e+07,1459,1510,2529,1501,2646,1,0,2529,2646
2.0141e+07,100,1510,2546,1501,2654,-1,0,2546,2654
2.0141e+07,1010,1510,2514,1501,2631,1,1,2513,2629
2.0141e+07,1111,1510,2517,1501,2635,1,0,2517,2635
2.0141e+07,1116,1510,2520,1501,2640,1,3,2520,2637
2.0141e+07,1127,1510,2517,1501,2641,1,10,2523,2637
2.0141e+07,1336,1510,2515,1501,2639,1,12,2529,2641
2.0141e+07,1441,1510,2537,1501,2652,1,7,2546,2654
2.0141e+07,859,1510,2555,1501,2650,-1,-17,2538,2650
2.0141e+07,903,1510,2552,1501,2661,1,-5,2535,2649
2.0141e+07,918,1510,2544,1501,2655,1,0,2539,2650
2.0141e+07,921,1510,2541,1501,2654,1,3,2541,2651
2.0141e+07,935,1510,2534,1501,2651,1,8,2549,2658
2.0141e+07,1005,1510,2549,1501,2658,1,8,2554,2655
2.0141e+07,1008,1510,2548,1501,2658,1,8,2552,2654
2.0141e+07,1420,1510,2542,1501,2654,1,8,2553,2657
2.0141e+07,0,1510,2554,1501,2666,1,0,2554,2666
2.0141e+07,100,1510,2554,1501,2666,1,0,2554,2666
2.0141e+07,859,1510,2551,1501,2645,-1,-11,2554,2659
2.0141e+07,1458,1510,2557,1501,2667,1,-2,2554,2666
2.0141e+07,0,1510,2581,1501,2668,-1,0,2581,2668
2.0141e+07,55,1510,2581,1501,2668,-1,0,2581,2668
2.0141e+07,1000,1510,2561,1501,2668,1,11,2574,2670
2.0141e+07,1036,1510,2566,1501,2668,1,7,2573,2668
2.0141e+07,1051,1510,2575,1501,2674,1,10,2580,2669
2.0141e+07,1054,1510,2571,1501,2670,1,6,2576,2669
2.0141e+07,1330,1510,2571,1501,2669,1,-2,2565,2665
2.0141e+07,1339,1510,2564,1501,2666,1,6,2569,2665
2.0141e+07,902,1510,2575,1501,2672,1,2,2574,2669
2.0141e+07,954,1510,2575,1501,2673,1,8,2577,2667
2.0141e+07,0,1510,2539,1501,2644,1,0,2539,2644
2.0141e+07,53,1510,2539,1501,2644,1,0,2539,2644
2.0141e+07,910,1510,2533,1501,2637,1,-2,2546,2652
2.0141e+07,918,1510,2541,1501,2647,1,-2,2543,2651
2.0141e+07,922,1510,2546,1501,2653,1,1,2544,2650
2.0141e+07,0,1510,2534,1501,2647,1,0,2534,2647
2.0141e+07,100,1510,2534,1501,2647,1,0,2534,2647
2.0141e+07,900,1510,2535,1501,2635,-1,-4,2535,2639
2.0141e+07,0,1510,2575,1501,2646,-1,0,2575,2646
2.0141e+07,36,1510,2575,1501,2646,-1,0,2575,2646
2.0141e+07,909,1510,2543,1501,2646,-1,-3,2543,2649
2.0141e+07,911,1510,2544,1501,2646,-1,-3,2544,2649
2.0141e+07,944,1510,2541,1501,2649,1,1,2537,2644
2.0141e+07,948,1510,2541,1501,2648,1,2,2540,2645
2.0141e+07,1003,1510,2535,1501,2642,1,2,2539,2644
2.0141e+07,1114,1510,2535,1501,2636,1,20,2564,2645
2.0141e+07,1125,1510,2556,1501,2643,1,8,2563,2642
2.0141e+07,1429,1510,2572,1501,2642,-1,-1,2575,2646
2.0141e+07,1432,1510,2573,1501,2641,-1,-3,2575,2646
2.0141e+07,1444,1510,2575,1501,2644,-1,-2,2575,2646
2.0141e+07,2100,1510,2575,1501,2646,-1,0,2575,2646
2.0141e+07,2142,1510,2575,1501,2646,-1,0,2575,2646
2.0141e+07,2148,1510,2575,1501,2646,-1,0,2575,2646
2.0141e+07,0,1510,2597,1501,2650,-1,0,2597,2650
2.0141e+07,100,1510,2597,1501,2650,-1,0,2597,2650
2.0141e+07,859,1510,2577,1501,2643,1,12,2586,2640
2.0141e+07,907,1510,2593,1501,2645,-1,-1,2587,2640
2.0141e+07,1420,1510,2591,1501,2650,1,-1,2591,2651
2.0141e+07,1423,1510,2587,1501,2648,1,6,2594,2649
2.0141e+07,1448,1510,2589,1501,2651,1,9,2597,2650
2.0141e+07,0,1510,2563,1501,2570,-1,0,2563,2570
2.0141e+07,32,1510,2563,1501,2570,-1,0,2563,2570
2.0141e+07,908,1510,2583,1501,2635,-1,7,2577,2622
2.0141e+07,924,1510,2578,1501,2620,-1,-3,2574,2619
2.0141e+07,948,1510,2581,1501,2623,1,4,2573,2611
2.0141e+07,1008,1510,2574,1501,2612,1,-1,2575,2614
2.0141e+07,1037,1510,2576,1501,2612,1,-4,2573,2613
2.0141e+07,1114,1510,2572,1501,2611,1,25,2562,2576
2.0141e+07,1434,1510,2563,1501,2571,-1,1,2563,2570
2.0141e+07,1443,1510,2564,1501,2572,-1,1,2563,2570
2.0141e+07,1448,1510,2562,1501,2572,-1,3,2563,2570
2.0141e+07,1455,1510,2564,1501,2573,-1,2,2563,2570
2.0141e+07,1458,1510,2563,1501,2572,-1,2,2563,2570
2.0141e+07,2139,1510,2563,1501,2570,-1,0,2563,2570
2.0141e+07,0,1510,2530,1501,2552,1,0,2530,2552
2.0141e+07,57,1510,2530,1501,2552,1,0,2530,2552
2.0141e+07,902,1510,2530,1501,2553,1,3,2530,2550
2.0141e+07,910,1510,2530,1501,2553,1,7,2528,2544
2.0141e+07,930,1510,2531,1501,2555,1,11,2529,2542
2.0141e+07,1337,1510,2539,1501,2554,-1,-13,2526,2554
2.0141e+07,1404,1510,2527,1501,2556,1,6,2530,2553
2.0141e+07,1420,1510,2528,1501,2554,1,7,2532,2551
2.0141e+07,100,1510,2546,1501,2575,1,0,2546,2575
2.0141e+07,900,1510,2535,1501,2551,-1,-12,2541,2569
2.0141e+07,1031,1510,2535,1501,2553,-1,-1,2538,2557
2.0141e+07,0,1510,2515,1501,2578,1,0,2515,2578
2.0141e+07,37,1510,2515,1501,2578,1,0,2515,2578
2.0141e+07,917,1510,2519,1501,2571,1,-12,2510,2574
2.0141e+07,1332,1510,2507,1501,2578,1,4,2509,2576
2.0141e+07,907,1510,2524,1501,2575,-1,-6,2523,2580
2.0141e+07,920,1510,2523,1501,2583,1,7,2526,2579
2.0141e+07,1033,1510,2519,1501,2571,-1,-1,2519,2572
2.0141e+07,1408,1510,2526,1501,2575,-1,-6,2519,2574
2.0141e+07,0,1510,2640,1501,2663,-1,5,2633,2651
2.0141e+07,13,1510,2635,1501,2636,-1,-32,2622,2655
2.0141e+07,24,1510,2636,1501,2650,-1,-19,2631,2664
2.0141e+07,29,1510,2633,1501,2650,-1,-16,2635,2668
2.0141e+07,43,1510,2622,1501,2655,-1,1,2636,2668
2.0141e+07,45,1510,2630,1501,2658,-1,-4,2636,2668
2.0141e+07,52,1510,2632,1501,2665,-1,1,2636,2668
2.0141e+07,54,1510,2631,1501,2664,-1,1,2636,2668
2.0141e+07,158,1510,2636,1501,2668,-1,0,2636,2668
2.0141e+07,859,1510,2521,1501,2575,1,23,2554,2585
2.0141e+07,907,1510,2541,1501,2585,-1,13,2554,2585
2.0141e+07,916,1510,2551,1501,2581,-1,-3,2553,2586
2.0141e+07,1354,1510,2563,1501,2605,1,-10,2556,2608
2.0141e+07,1356,1510,2563,1501,2606,1,-7,2557,2607
2.0141e+07,1413,1510,2558,1501,2606,1,-4,2555,2607
2.0141e+07,1424,1510,2556,1501,2608,1,-1,2557,2610
2.0141e+07,1441,1510,2555,1501,2608,1,-1,2560,2614
2.0141e+07,1449,1510,2555,1501,2610,1,5,2560,2610
2.0141e+07,1451,1510,2555,1501,2609,1,5,2561,2610
2.0141e+07,2101,1510,2558,1501,2612,1,6,2560,2608
2.0141e+07,2104,1510,2559,1501,2613,1,0,2561,2615
2.0141e+07,2107,1510,2560,1501,2612,1,-2,2560,2614
2.0141e+07,2120,1510,2560,1501,2612,1,3,2560,2609
2.0141e+07,2122,1510,2560,1501,2612,1,4,2560,2608
2.0141e+07,2132,1510,2560,1501,2615,1,4,2559,2610
2.0141e+07,2140,1510,2560,1501,2614,1,2,2558,2610
2.0141e+07,2154,1510,2559,1501,2610,1,-1,2559,2611
2.0141e+07,2159,1510,2558,1501,2609,1,-4,2560,2615
2.0141e+07,2202,1510,2559,1501,2610,1,-4,2560,2615
2.0141e+07,2208,1510,2557,1501,2610,1,-2,2558,2613
2.0141e+07,2212,1510,2557,1501,2611,1,-2,2557,2613
2.0141e+07,2214,1510,2557,1501,2618,1,7,2558,2612
2.0141e+07,2225,1510,2560,1501,2615,1,1,2557,2611
2.0141e+07,2228,1510,2560,1501,2615,1,-2,2557,2614
2.0141e+07,2234,1510,2559,1501,2615,1,5,2560,2611
2.0141e+07,2256,1510,2556,1501,2614,1,5,2584,2637
2.0141e+07,2321,1510,2569,1501,2625,1,42,2640,2654
2.0141e+07,2332,1510,2611,1501,2642,-1,20,2629,2640
2.0141e+07,2336,1510,2613,1501,2636,-1,11,2628,2640
2.0141e+07,2346,1510,2627,1501,2650,-1,12,2629,2640
2.0141e+07,2357,1510,2635,1501,2644,-1,-4,2627,2640
2.0141e+07,14,1510,2629,1501,2640,-1,-2,2627,2640
2.0141e+07,16,1510,2629,1501,2640,-1,-2,2627,2640
2.0141e+07,19,1510,2628,1501,2640,-1,-1,2627,2640
2.0141e+07,859,1510,2636,1501,2668,1,9,2624,2647
2.0141e+07,903,1510,2612,1501,2626,-1,0,2626,2640
2.0141e+07,911,1510,2610,1501,2646,1,23,2630,2643
2.0141e+07,916,1510,2626,1501,2646,-1,5,2630,2645
2.0141e+07,924,1510,2622,1501,2638,-1,6,2632,2642
2.0141e+07,926,1510,2622,1501,2636,-1,3,2633,2644
2.0141e+07,935,1510,2632,1501,2641,-1,1,2639,2647
2.0141e+07,1333,1510,2624,1501,2636,-1,10,2638,2640
2.0141e+07,1335,1510,2626,1501,2632,-1,2,2637,2641
2.0141e+07,2059,1510,2641,1501,2645,-1,-4,2635,2643
2.0141e+07,2104,1510,2627,1501,2645,1,12,2635,2641
2.0141e+07,2159,1510,2627,1501,2647,1,9,2629,2640
2.0141e+07,0,1510,2617,1501,2595,-1,0,2617,2595
2.0141e+07,45,1510,2617,1501,2595,-1,0,2617,2595
2.0141e+07,926,1510,2605,1501,2600,-1,12,2610,2593
2.0141e+07,938,1510,2607,1501,2597,1,8,2614,2596
2.0141e+07,959,1510,2613,1501,2598,1,0,2613,2598
2.0141e+07,1049,1510,2614,1501,2610,1,-1,2610,2607
2.0141e+07,1126,1510,2611,1501,2612,1,12,2613,2602
2.0141e+07,1408,1510,2605,1501,2599,1,21,2611,2584
2.0141e+07,1418,1510,2612,1501,2592,-1,1,2614,2593
2.0141e+07,1439,1510,2614,1501,2584,-1,-8,2617,2595
2.015e+07,0,1510,2635,1501,2570,-1,2,2647,2580
2.015e+07,19,1510,2648,1501,2580,-1,-18,2630,2580
2.015e+07,28,1510,2648,1501,2580,-1,-23,2625,2580
2.015e+07,46,1510,2631,1501,2580,-1,-7,2624,2580
2.015e+07,48,1510,2632,1501,2580,-1,-8,2624,2580
2.015e+07,859,1510,2583,1501,2595,1,33,2591,2570
2.015e+07,905,1510,2588,1501,2580,1,11,2589,2570
2.015e+07,951,1510,2594,1501,2570,1,3,2595,2568
2.015e+07,953,1510,2592,1501,2567,1,2,2595,2568
2.015e+07,1004,1510,2596,1501,2567,1,1,2596,2566
2.015e+07,1036,1510,2595,1501,2568,1,0,2588,2561
2.015e+07,1050,1510,2595,1501,2566,1,-9,2581,2561
2.015e+07,1052,1510,2594,1501,2566,1,-7,2582,2561
2.015e+07,1054,1510,2594,1501,2566,1,-8,2581,2561
2.015e+07,1116,1510,2586,1501,2561,1,-2,2584,2561
2.015e+07,1118,1510,2586,1501,2561,1,-1,2585,2561
2.015e+07,1331,1510,2578,1501,2561,1,6,2583,2560
2.015e+07,1409,1510,2585,1501,2570,1,7,2592,2570
2.015e+07,1413,1510,2587,1501,2570,1,-6,2591,2580
2.015e+07,1440,1510,2591,1501,2579,1,-4,2588,2580
2.015e+07,1452,1510,2585,1501,2580,1,26,2591,2560
2.015e+07,2100,1510,2585,1501,2580,1,32,2597,2560
2.015e+07,2116,1510,2592,1501,2560,-1,2,2595,2561
2.015e+07,2247,1510,2608,1501,2568,-1,0,2608,2568
2.015e+07,2305,1510,2608,1501,2568,-1,7,2617,2570
2.015e+07,2329,1510,2616,1501,2570,-1,14,2630,2570
2.015e+07,2342,1510,2617,1501,2570,-1,-18,2609,2580
2.015e+07,2347,1510,2616,1501,2570,-1,-18,2608,2580
2.015e+07,2351,1510,2615,1501,2570,-1,-18,2607,2580
2.015e+07,2354,1510,2615,1501,2570,-1,-20,2605,2580
2.015e+07,859,1510,2624,1501,2580,-1,-14,2630,2600
2.015e+07,908,1510,2637,1501,2618,1,14,2633,2600
2.015e+07,924,1510,2633,1501,2600,-1,-4,2637,2608
2.015e+07,1001,1510,2637,1501,2615,1,-4,2629,2611
2.015e+07,1003,1510,2637,1501,2615,1,-6,2627,2611
2.015e+07,1451,1510,2639,1501,2620,1,-18,2621,2620
2.015e+07,1456,1510,2635,1501,2620,1,-19,2616,2620
2.015e+07,2100,1510,2629,1501,2620,1,-12,2617,2620
2.015e+07,2104,1510,2625,1501,2620,1,14,2619,2600
2.015e+07,2122,1510,2614,1501,2620,1,25,2619,2600
2.015e+07,2125,1510,2615,1501,2620,1,25,2620,2600
2.015e+07,2132,1510,2619,1501,2600,-1,1,2620,2600
2.015e+07,2149,1510,2619,1501,2600,1,3,2621,2599
2.015e+07,2303,1510,2612,1501,2599,1,18,2611,2580
2.015e+07,2306,1510,2613,1501,2581,-1,-1,2611,2580
2.015e+07,2312,1510,2611,1501,2580,-1,0,2611,2580
2.015e+07,0,1510,2615,1501,2580,-1,-6,2609,2580
2.015e+07,859,1510,2604,1501,2620,1,51,2610,2575
2.015e+07,902,1510,2612,1501,2580,-1,7,2611,2572
2.015e+07,904,1510,2613,1501,2580,-1,8,2613,2572
2.015e+07,2106,1510,2620,1501,2580,-1,-5,2615,2580
2.015e+07,2108,1510,2622,1501,2580,-1,-6,2616,2580
2.015e+07,2140,1510,2607,1501,2580,1,3,2610,2580
2.015e+07,2142,1510,2604,1501,2580,1,6,2610,2580
2.015e+07,0,1510,2602,1501,2587,1,-1,2601,2587
2.015e+07,59,1510,2598,1501,2587,1,0,2598,2587
2.015e+07,859,1510,2609,1501,2580,-1,0,2607,2578
2.015e+07,1033,1510,2607,1501,2578,-1,-5,2602,2578
2.015e+07,1057,1510,2608,1501,2578,-1,-9,2596,2575
2.015e+07,1343,1510,2597,1501,2575,-1,11,2603,2570
2.015e+07,1347,1510,2596,1501,2573,-1,7,2601,2571
2.015e+07,1359,1510,2598,1501,2588,1,21,2600,2569
2.015e+07,1454,1510,2604,1501,2561,-1,-35,2598,2590
2.015e+07,2100,1510,2606,1501,2589,1,-8,2599,2590
2.015e+07,2108,1510,2597,1501,2590,1,1,2598,2590
2.015e+07,2201,1510,2600,1501,2590,1,9,2606,2587
2.015e+07,2211,1510,2602,1501,2590,1,6,2605,2587
2.015e+07,0,1510,2595,1501,2560,-1,-3,2592,2560
2.015e+07,859,1510,2598,1501,2561,-1,-21,2591,2575
2.015e+07,915,1510,2595,1501,2575,-1,9,2589,2560
2.015e+07,932,1510,2587,1501,2575,1,13,2585,2560
2.015e+07,1007,1510,2585,1501,2567,1,8,2586,2560
2.015e+07,1124,1510,2578,1501,2552,-1,9,2590,2555
2.015e+07,1345,1510,2584,1501,2557,-1,5,2587,2555
2.015e+07,2102,1510,2582,1501,2550,-1,5,2587,2550
2.015e+07,2107,1510,2585,1501,2550,-1,1,2586,2550
2.015e+07,2111,1510,2589,1501,2550,-1,-2,2587,2550
2.015e+07,2200,1510,2593,1501,2550,-1,-6,2597,2560
2.015e+07,2224,1510,2600,1501,2560,-1,-7,2593,2560
2.015e+07,0,1510,2519,1501,2450,-1,-1,2518,2450
2.015e+07,38,1510,2519,1501,2450,-1,2,2521,2450
2.015e+07,49,1510,2517,1501,2450,-1,4,2521,2450
2.015e+07,906,1510,2541,1501,2528,1,-14,2549,2550
2.015e+07,909,1510,2547,1501,2528,-1,-21,2548,2550
2.015e+07,925,1510,2548,1501,2560,1,11,2549,2550
2.015e+07,937,1510,2549,1501,2550,1,1,2549,2549
2.015e+07,1105,1510,2545,1501,2511,1,-19,2535,2520
2.015e+07,1354,1510,2538,1501,2510,1,46,2535,2461
2.015e+07,1400,1510,2536,1501,2481,-1,21,2537,2461
2.015e+07,1419,1510,2535,1501,2461,-1,-4,2531,2461
2.015e+07,1428,1510,2537,1501,2461,-1,-13,2524,2461
2.015e+07,1435,1510,2531,1501,2461,-1,-2,2508,2440
2.015e+07,2100,1510,2510,1501,2440,-1,-52,2517,2499
2.015e+07,2135,1510,2524,1501,2450,-1,-1,2523,2450
2.015e+07,2211,1510,2521,1501,2450,-1,-2,2519,2450
2.015e+07,2218,1510,2521,1501,2450,-1,-1,2520,2450
2.015e+07,2224,1510,2521,1501,2450,-1,-2,2519,2450
2.015e+07,2235,1510,2521,1501,2450,-1,1,2522,2450
2.015e+07,2301,1510,2522,1501,2450,-1,0,2522,2450
2.015e+07,2307,1510,2523,1501,2450,-1,-1,2522,2450
2.015e+07,0,1510,2522,1501,2498,1,-1,2521,2498
2.015e+07,32,1510,2521,1501,2498,1,1,2522,2498
2.015e+07,923,1510,2525,1501,2490,1,-4,2521,2490
2.015e+07,1006,1510,2518,1501,2490,-1,-1,2517,2490
2.015e+07,2106,1510,2531,1501,2480,-1,-23,2526,2498
2.015e+07,2113,1510,2526,1501,2498,1,-2,2524,2498
2.015e+07,0,1510,2497,1501,2450,-1,-2,2495,2450
2.015e+07,58,1510,2496,1501,2450,-1,0,2496,2450
2.015e+07,107,1510,2496,1501,2450,-1,0,2496,2450
2.015e+07,114,1510,2496,1501,2450,-1,0,2496,2450
2.015e+07,900,1510,2521,1501,2498,1,37,2510,2450
2.015e+07,908,1510,2511,1501,2498,1,104,2489,2372
2.015e+07,935,1510,2496,1501,2450,1,62,2480,2372
2.015e+07,951,1510,2496,1501,2372,-1,-75,2487,2438
2.015e+07,958,1510,2488,1501,2372,-1,-63,2491,2438
2.015e+07,1003,1510,2484,1501,2372,-1,-55,2495,2438
2.015e+07,1039,1510,2488,1501,2438,-1,6,2494,2438
2.015e+07,1112,1510,2496,1501,2438,-1,-16,2492,2450
2.015e+07,1330,1510,2491,1501,2450,1,4,2495,2450
2.015e+07,1408,1510,2493,1501,2450,1,1,2494,2450
2.015e+07,1418,1510,2492,1501,2450,1,9,2501,2450
2.015e+07,1430,1510,2494,1501,2450,1,12,2506,2450
2.015e+07,1441,1510,2494,1501,2450,1,5,2499,2450
2.015e+07,2101,1510,2501,1501,2450,1,-1,2500,2450
2.015e+07,2118,1510,2500,1501,2450,1,-1,2499,2450
2.015e+07,2124,1510,2498,1501,2450,1,-3,2495,2450
2.015e+07,2126,1510,2497,1501,2450,1,-3,2494,2450
2.015e+07,2136,1510,2495,1501,2450,1,-1,2494,2450
2.015e+07,2153,1510,2494,1501,2450,1,4,2498,2450
2.015e+07,2156,1510,2494,1501,2450,1,4,2498,2450
2.015e+07,0,1510,2528,1501,2370,-1,-1,2527,2370
2.015e+07,14,1510,2528,1501,2370,-1,0,2528,2370
2.015e+07,16,1510,2527,1501,2370,-1,1,2528,2370
2.015e+07,909,1510,2496,1501,2450,-1,6,2502,2450
2.015e+07,935,1510,2504,1501,2450,1,5,2509,2450
2.015e+07,1104,1510,2514,1501,2370,1,-9,2505,2370
2.015e+07,1332,1510,2505,1501,2370,1,8,2513,2370
2.015e+07,1344,1510,2514,1501,2370,-1,2,2516,2370
2.015e+07,1348,1510,2513,1501,2370,-1,4,2517,2370
2.015e+07,2237,1510,2527,1501,2370,-1,-1,2526,2370
2.015e+07,2242,1510,2528,1501,2370,-1,-2,2526,2370
2.015e+07,0,1510,2505,1601,2530,1,-1,2504,2530
2.015e+07,1006,1510,2526,1601,2544,1,0,2524,2542
2.015e+07,1047,1510,2526,1601,2542,-1,6,2523,2533
2.015e+07,1059,1510,2520,1601,2533,-1,-23,2519,2555
2.015e+07,1102,1510,2521,1601,2533,-1,-21,2522,2555
2.015e+07,1115,1510,2524,1601,2533,-1,-10,2521,2540
2.015e+07,1122,1510,2523,1601,2555,1,1,2524,2555
2.015e+07,1336,1510,2521,1601,2540,-1,1,2527,2545
2.015e+07,1351,1510,2523,1601,2555,1,12,2525,2545
2.015e+07,1358,1510,2527,1601,2545,-1,3,2528,2543
2.015e+07,2059,1510,2519,1601,2550,1,13,2507,2525
2.015e+07,2108,1510,2519,1601,2534,-1,-13,2506,2534
2.015e+07,2117,1510,2519,1601,2544,1,8,2506,2523
2.015e+07,2135,1510,2503,1601,2534,1,12,2503,2522
2.015e+07,2150,1510,2506,1601,2532,1,4,2508,2530
2.015e+07,901,1510,2512,1601,2528,-1,-14,2497,2527
2.015e+07,913,1510,2504,1601,2533,1,-6,2514,2549
2.015e+07,916,1510,2501,1601,2533,1,2,2518,2548
2.015e+07,943,1510,2514,1601,2549,1,9,2531,2557
2.015e+07,959,1510,2520,1601,2538,-1,-8,2532,2558
2.015e+07,1129,1510,2527,1601,2547,-1,-1,2531,2552
2.015e+07,1332,1510,2527,1601,2547,-1,5,2530,2545
2.015e+07,1356,1510,2533,1601,2547,-1,-5,2536,2555
2.015e+07,1422,1510,2532,1601,2542,-1,-12,2532,2554
2.015e+07,1458,1510,2528,1601,2546,-1,-14,2522,2554
2.015e+07,2101,1510,2528,1601,2541,-1,-17,2524,2554
2.015e+07,2110,1510,2530,1601,2554,1,-7,2523,2554
2.015e+07,2149,1510,2523,1601,2540,-1,-11,2517,2545
2.015e+07,2201,1510,2519,1601,2535,-1,-14,2515,2545
2.015e+07,2212,1510,2518,1601,2545,1,-3,2515,2545
2.015e+07,912,1510,2508,1601,2521,-1,-10,2512,2535
2.015e+07,1006,1510,2518,1601,2534,-1,0,2517,2533
2.015e+07,1123,1510,2514,1601,2529,-1,-3,2510,2528
2.015e+07,1127,1510,2516,1601,2529,-1,-2,2513,2528
2.015e+07,2107,1510,2503,1601,2520,-1,0,2503,2520
2.015e+07,2154,1510,2503,1601,2528,1,8,2503,2520
2.015e+07,921,1510,2513,1601,2539,1,8,2512,2530
2.015e+07,1129,1510,2515,1601,2540,1,0,2513,2538
2.015e+07,1359,1510,2513,1601,2538,1,14,2509,2520
2.015e+07,2101,1510,2492,1601,2522,1,11,2497,2516
2.015e+07,2144,1510,2497,1601,2521,1,2,2502,2524
2.015e+07,2155,1510,2502,1601,2524,1,0,2502,2524
2.015e+07,1111,1510,2502,1601,2528,1,3,2502,2525
2.015e+07,1433,1510,2502,1601,2528,1,7,2502,2521
2.015e+07,0,1510,2501,1601,2525,1,1,2502,2525
2.015e+07,912,1510,2513,1601,2540,1,4,2505,2528
2.015e+07,1040,1510,2506,1601,2532,1,6,2514,2534
2.015e+07,1333,1510,2512,1601,2525,-1,-13,2506,2532
2.015e+07,2059,1510,2500,1601,2524,1,5,2500,2519
2.015e+07,912,1510,2504,1601,2533,1,10,2506,2525
2.015e+07,918,1510,2510,1601,2527,-1,0,2508,2525
2.015e+07,1110,1510,2485,1601,2516,1,8,2485,2508
2.015e+07,2128,1510,2496,1601,2525,1,8,2498,2519
2.015e+07,917,1510,2503,1601,2531,1,7,2501,2522
2.015e+07,922,1510,2501,1601,2519,-1,-4,2502,2524
2.015e+07,2121,1510,2508,1601,2534,1,1,2505,2530
2.015e+07,2329,1510,2500,1601,2521,-1,-1,2498,2520
2.015e+07,0,1510,2523,1601,2535,-1,-3,2520,2535
2.015e+07,901,1510,2499,1601,2510,-1,-11,2497,2519
2.015e+07,905,1510,2499,1601,2525,1,-2,2496,2524
2.015e+07,1100,1510,2503,1601,2529,1,4,2506,2528
2.015e+07,2309,1510,2529,1601,2540,-1,-4,2520,2535
2.015e+07,1452,1510,2537,1601,2562,1,9,2534,2550
2.015e+07,0,1510,2531,1601,2537,-1,-3,2528,2537
2.015e+07,859,1510,2537,1601,2555,1,3,2535,2550
2.015e+07,903,1510,2534,1601,2555,1,7,2536,2550
2.015e+07,1056,1510,2531,1601,2551,1,5,2529,2544
2.015e+07,1434,1510,2529,1601,2525,-1,-7,2530,2533
2.015e+07,1444,1510,2530,1601,2534,1,-4,2532,2540
2.015e+07,2117,1510,2536,1601,2538,-1,-6,2527,2535
2.015e+07,2153,1510,2526,1601,2529,-1,2,2524,2525
2.015e+07,2320,1510,2531,1601,2530,-1,-7,2531,2537
2.015e+07,2322,1510,2532,1601,2530,-1,-8,2531,2537
2.015e+07,0,1510,2546,1601,2564,1,-1,2545,2564
2.015e+07,52,1510,2539,1601,2557,1,0,2538,2556
2.015e+07,54,1510,2538,1601,2557,1,1,2538,2556
2.015e+07,154,1510,2538,1601,2556,1,0,2538,2556
2.015e+07,910,1510,2535,1601,2548,1,6,2528,2535
2.015e+07,1118,1510,2522,1601,2527,-1,-3,2529,2537
2.015e+07,1432,1510,2535,1601,2535,-1,-8,2537,2545
2.015e+07,2301,1510,2548,1601,2567,1,3,2546,2562
2.015e+07,2348,1510,2547,1601,2564,1,-2,2550,2569
2.015e+07,0,1510,2550,1601,2571,1,4,2552,2569
2.015e+07,1458,1510,2540,1601,2560,1,2,2545,2563
2.015e+07,2,1510,2559,1601,2571,-1,-4,2560,2576
2.015e+07,934,1510,2570,1601,2580,-1,-4,2556,2570
2.015e+07,936,1510,2569,1601,2576,-1,-8,2557,2572
2.015e+07,1410,1510,2548,1601,2570,1,4,2545,2563
2.015e+07,2059,1510,2549,1601,2556,-1,-12,2549,2568
2.015e+07,53,1510,2559,1601,2563,-1,-6,2561,2571
2.015e+07,2318,1510,2545,1601,2563,1,3,2545,2560
2.015e+07,2212,1510,2558,1601,2577,1,5,2554,2568
2.015e+07,0,1510,2581,1601,2584,-1,-1,2581,2585
2.015e+07,1041,1510,2588,1601,2590,-1,2,2589,2589
2.015e+07,1044,1510,2589,1601,2587,-1,-2,2589,2589
2.015e+07,0,1510,2542,1601,2550,1,-1,2541,2550
2.015e+07,2,1510,2540,1601,2550,1,0,2540,2550
2.015e+07,59,1510,2569,1601,2568,-1,0,2569,2568
2.015e+07,859,1510,2581,1601,2597,1,6,2571,2581
2.015e+07,59,1510,2536,1601,2552,1,0,2536,2552
2.015e+07,859,1510,2569,1601,2568,-1,-8,2574,2581
2.015e+07,4,1510,2527,1601,2544,1,2,2528,2543
2.015e+07,0,1510,2475,1601,2496,1,-2,2476,2499
2.015e+07,0,1510,2488,1601,2501,-1,0,2488,2501
2.015e+07,1419,1510,2493,1601,2502,-1,-3,2489,2501
2.015e+07,0,1510,2462,1601,2484,1,0,2462,2484
2.015e+07,2059,1510,2451,1601,2481,1,9,2457,2478
2.015e+07,0,1510,2471,1601,2485,-1,0,2473,2487
2.015e+07,0,1510,2500,1601,2506,-1,-1,2500,2507
2.015e+07,1429,1510,2494,1601,2500,-1,1,2495,2500
2.015e+07,2059,1510,2511,1601,2510,-1,-7,2509,2515
2.015e+07,2059,1510,2480,1601,2495,1,6,2482,2491
2.015e+07,59,1510,2491,1601,2495,-1,-1,2490,2495
2.015e+07,2,1510,2561,1601,2565,-1,-4,2560,2568
2.015e+07,859,1510,2481,1601,2496,1,8,2524,2531
2.015e+07,0,1510,2540,1601,2552,1,0,2541,2553
2.015e+07,2,1510,2539,1601,2552,1,0,2540,2553
2.015e+07,1455,1510,2493,1601,2502,-1,-3,2490,2502
2.015e+07,945,1510,2424,1601,2451,1,6,2450,2471
2.015e+07,947,1510,2433,1601,2462,1,7,2445,2467
2.015e+07,2059,1510,2471,1601,2495,1,5,2462,2481
2.015e+07,1431,1510,2420,1601,2448,1,1,2423,2450
2.015e+07,0,1510,2315,1601,2347,1,0,2315,2347
2.015e+07,859,1510,2330,1601,2350,-1,-7,2327,2354
2.015e+07,2059,1510,2306,1601,2350,1,11,2314,2347
2.015e+07,0,1510,2283,1601,2309,-1,4,2285,2307
2.015e+07,859,1510,2285,1601,2324,1,1,2275,2313
2.015e+07,1001,1510,2273,1601,2313,1,8,2277,2309
2.015e+07,1010,1510,2274,1601,2314,1,9,2278,2309
2.015e+07,2059,1510,2263,1601,2305,1,15,2281,2308
2.015e+07,859,1510,2266,1601,2302,1,6,2272,2302
2.015e+07,2059,1510,2335,1601,2352,-1,-11,2314,2342
2.015e+07,1,1510,2318,1601,2347,1,1,2317,2345
2.015e+07,0,1510,2382,1601,2415,1,2,2386,2417
2.015e+07,0,1510,2422,1601,2462,1,-2,2423,2465
2.015e+07,859,1510,2378,1601,2405,-1,-9,2371,2407
2.015e+07,2106,1510,2409,1601,2459,1,-1,2407,2458
2.015e+07,2108,1510,2411,1601,2461,1,1,2409,2458
2.015e+07,2113,1510,2413,1601,2466,1,5,2408,2456
2.0151e+07,0,1510,2416,1601,2461,1,-1,2415,2461
2.0151e+07,56,1510,2415,1601,2462,1,-2,2415,2464
2.0151e+07,58,1510,2416,1601,2463,1,-2,2415,2464
2.0151e+07,859,1510,2383,1601,2409,-1,-12,2379,2417
2.0151e+07,941,1510,2435,1601,2486,1,2,2418,2467
2.0151e+07,859,1510,2391,1601,2444,1,7,2392,2438
2.0151e+07,0,1510,2404,1601,2452,1,-1,2405,2454
2.0151e+07,2059,1510,2395,1601,2434,-1,-9,2393,2441
2.0151e+07,0,1510,2354,1601,2420,1,0,2356,2422
2.0151e+07,0,1510,2345,1601,2415,1,1,2345,2414
2.0151e+07,1004,1510,2340,1601,2415,1,1,2341,2415
2.0151e+07,0,1510,2322,1601,2379,-1,-1,2323,2381
2.0151e+07,0,1510,2353,1601,2414,1,-1,2355,2417
2.0151e+07,0,1510,2366,1601,2435,1,-1,2367,2437
2.0151e+07,0,1510,2344,1601,2421,1,0,2345,2422
2.0151e+07,2059,1510,2355,1601,2420,-1,-12,2348,2425
2.0151e+07,0,1510,2360,1601,2446,1,-2,2359,2447
2.0151e+07,6,1510,2359,1601,2447,1,0,2359,2447
2.0151e+07,2059,1510,2356,1601,2442,1,1,2363,2448
2.0151e+07,2101,1510,2375,1601,2459,1,4,2373,2453
2.0151e+07,1,1510,2343,1601,2414,-1,0,2342,2413
2.0151e+07,859,1510,2369,1601,2450,1,7,2362,2436
2.0151e+07,0,1510,2345,1601,2397,-1,-2,2344,2398
2.0151e+07,59,1510,2347,1601,2393,-1,0,2347,2393
2.0151e+07,859,1510,2341,1601,2404,1,3,2331,2391
2.0151e+07,1442,1510,2342,1601,2401,1,7,2352,2404
2.0151e+07,0,1510,2226,1601,2284,1,1,2226,2283
2.0151e+07,1450,1510,2245,1601,2312,1,5,2243,2305
2.0151e+07,1453,1510,2242,1601,2310,1,10,2248,2306
2.0151e+07,1455,1510,2242,1601,2311,1,9,2247,2307
2.0151e+07,0,1510,2215,1601,2286,1,0,2215,2286
2.0151e+07,859,1510,2231,1601,2288,-1,0,2235,2292
2.0151e+07,2112,1510,2210,1601,2283,1,0,2212,2285
2.0151e+07,0,1510,2139,1601,2234,1,-1,2135,2231
2.0151e+07,13,1510,2133,1601,2236,1,7,2135,2231
2.0151e+07,15,1510,2127,1601,2229,1,3,2132,2231
2.0151e+07,38,1510,2132,1601,2230,1,7,2129,2220
2.0151e+07,45,1510,2132,1601,2231,1,8,2129,2220
2.0151e+07,50,1510,2132,1601,2229,1,6,2129,2220
2.0151e+07,104,1510,2129,1601,2220,1,0,2129,2220
2.0151e+07,859,1510,2213,1601,2285,-1,-5,2220,2297
2.0151e+07,1455,1510,2182,1601,2273,1,8,2168,2251
2.0151e+07,2200,1510,2161,1601,2249,1,-1,2155,2244
2.0151e+07,2250,1510,2154,1601,2248,1,-2,2143,2239
2.0151e+07,2306,1510,2144,1601,2241,1,3,2145,2239
2.0151e+07,2309,1510,2143,1601,2241,1,2,2143,2239
2.0151e+07,2358,1510,2143,1601,2238,1,1,2128,2222
2.0151e+07,19,1510,2128,1601,2223,1,2,2131,2224
2.0151e+07,917,1510,2114,1601,2211,1,7,2100,2190
2.0151e+07,1359,1510,2134,1601,2237,1,10,2124,2217
2.0151e+07,1404,1510,2134,1601,2238,1,15,2141,2230
2.0151e+07,1413,1510,2137,1601,2245,1,24,2135,2219
2.0151e+07,2108,1510,2100,1601,2199,1,4,2100,2195
2.0151e+07,2202,1510,2084,1601,2186,1,7,2089,2184
2.0151e+07,0,1510,2015,1601,2061,-1,-4,2009,2059
2.0151e+07,28,1510,2010,1601,2058,-1,2,2009,2055
2.0151e+07,32,1510,2011,1601,2057,-1,0,2009,2055
2.0151e+07,941,1510,2055,1601,2144,1,2,2027,2114
2.0151e+07,1334,1510,2027,1601,2112,1,0,2027,2112
2.0151e+07,2104,1510,2006,1601,2077,-1,14,1984,2041
2.0151e+07,2111,1510,2003,1601,2067,-1,14,1986,2036
2.0151e+07,2116,1510,1987,1601,2046,-1,7,1979,2031
2.0151e+07,2132,1510,1994,1601,2048,-1,4,1981,2031
2.0151e+07,2136,1510,1985,1601,2037,-1,0,1977,2029
2.0151e+07,2141,1510,1986,1601,2036,-1,-7,1970,2027
2.0151e+07,2145,1510,1981,1601,2033,-1,1,1981,2032
2.0151e+07,2150,1510,1982,1601,2034,-1,0,1978,2030
2.0151e+07,2208,1510,1972,1601,2025,-1,-1,1994,2048
2.0151e+07,2212,1510,1973,1601,2027,-1,-4,1989,2047
2.0151e+07,2227,1510,1981,1601,2036,-1,-3,2001,2059
2.0151e+07,2244,1510,1993,1601,2049,-1,5,2005,2056
2.0151e+07,2250,1510,1995,1601,2052,-1,11,2015,2061
2.0151e+07,2301,1510,2001,1601,2058,-1,11,2007,2053
2.0151e+07,2314,1510,2005,1601,2056,-1,3,2010,2058
2.0151e+07,2347,1510,2016,1601,2061,-1,15,1932,1962
2.0151e+07,2350,1510,2016,1601,2062,-1,17,1938,1967
2.0151e+07,2355,1510,2016,1601,2061,-1,16,1935,1964
2.0151e+07,0,1510,1921,1601,1953,-1,4,1937,1965
2.0151e+07,15,1510,1934,1601,1962,-1,-1,1934,1963
2.0151e+07,28,1510,1935,1601,1961,-1,-7,1935,1968
2.0151e+07,30,1510,1937,1601,1965,-1,-2,1938,1968
2.0151e+07,36,1510,1930,1601,1957,-1,-3,1938,1968
2.0151e+07,39,1510,1934,1601,1960,-1,-4,1938,1968
2.0151e+07,41,1510,1934,1601,1960,-1,-4,1938,1968
2.0151e+07,47,1510,1935,1601,1963,-1,-2,1938,1968
2.0151e+07,55,1510,1943,1601,1971,-1,-2,1938,1968
2.0151e+07,59,1510,1938,1601,1968,-1,0,1938,1968
2.0151e+07,115,1510,1938,1601,1968,-1,0,1938,1968
2.0151e+07,859,1510,2009,1601,2055,1,15,2019,2050
2.0151e+07,927,1510,2003,1601,2034,-1,-12,1999,2042
2.0151e+07,1032,1510,1999,1601,2043,1,8,1999,2035
2.0151e+07,1104,1510,2000,1601,2039,1,2,1991,2028
2.0151e+07,1106,1510,1999,1601,2038,1,-2,1990,2031
2.0151e+07,1338,1510,1984,1601,2027,1,12,1968,1999
2.0151e+07,2059,1510,1965,1601,1995,-1,6,1984,2008
2.0151e+07,2105,1510,1974,1601,1999,-1,-4,2003,2032
2.0151e+07,2129,1510,1984,1601,2008,-1,1,1984,2007
2.0151e+07,2159,1510,1984,1601,2007,-1,-1,1959,1983
2.0151e+07,2247,1510,1916,1601,1954,1,13,1935,1960
2.0151e+07,2319,1510,1929,1601,1951,-1,-12,1915,1949
2.0151e+07,900,1510,1968,1601,1982,-1,-14,1952,1980
2.0151e+07,1344,1510,1908,1601,1946,1,5,1901,1934
2.0151e+07,1415,1510,1895,1601,1934,1,-4,1891,1934
2.0151e+07,2059,1510,1905,1601,1918,-1,-11,1983,2007
2.0151e+07,2104,1510,1919,1601,1955,1,5,1958,1989
2.0151e+07,2129,1510,1983,1601,2007,-1,0,1966,1990
2.0151e+07,0,1510,2038,1601,2094,1,-4,2037,2097
2.0151e+07,23,1510,2035,1601,2096,1,2,2037,2096
2.0151e+07,44,1510,2037,1601,2095,1,-5,2034,2097
2.0151e+07,200,1510,2034,1601,2097,1,31,1969,2001
2.0151e+07,859,1510,1969,1601,2001,-1,-1,1957,1990
2.0151e+07,953,1510,1961,1601,1995,-1,-5,1975,2014
2.0151e+07,958,1510,1990,1601,2023,-1,-10,1978,2021
2.0151e+07,1038,1510,1975,1601,2014,-1,-5,1979,2023
2.0151e+07,1048,1510,1978,1601,2017,-1,-6,1978,2023
2.0151e+07,1405,1510,2035,1601,2098,1,19,2022,2066
2.0151e+07,1410,1510,2035,1601,2100,1,22,2011,2054
2.0151e+07,1414,1510,2035,1601,2084,-1,1,1999,2047
2.0151e+07,1443,1510,2003,1601,2051,1,-1,2024,2073
2.0151e+07,2059,1510,2020,1601,2070,1,10,2041,2081
2.0151e+07,2104,1510,2023,1601,2075,1,12,2043,2083
2.0151e+07,2143,1510,2037,1601,2083,1,5,2030,2071
2.0151e+07,2148,1510,2041,1601,2091,1,5,2028,2073
2.0151e+07,2340,1510,2034,1601,2089,1,-8,2023,2086
2.0151e+07,0,1510,2022,1601,2085,1,1,2023,2085
2.0151e+07,47,1510,2021,1601,2085,1,-4,2019,2087
2.0151e+07,51,1510,2020,1601,2084,1,-4,2019,2087
2.0151e+07,157,1510,2019,1601,2087,1,0,2019,2087
2.0151e+07,901,1510,2039,1601,2091,-1,-5,2027,2084
2.0151e+07,1050,1510,2052,1601,2095,-1,4,2037,2076
2.0151e+07,1054,1510,2049,1601,2095,-1,5,2043,2084
2.0151e+07,1100,1510,2063,1601,2104,-1,-3,2040,2084
2.0151e+07,1115,1510,2044,1601,2081,-1,-5,2041,2083
2.0151e+07,1117,1510,2039,1601,2074,-1,-5,2042,2082
2.0151e+07,1331,1510,2042,1601,2082,-1,-4,2045,2089
2.0151e+07,1336,1510,2042,1601,2081,-1,-7,2040,2086
2.0151e+07,1338,1510,2043,1601,2083,-1,-5,2039,2084
2.0151e+07,1341,1510,2044,1601,2084,-1,-6,2039,2085
2.0151e+07,1346,1510,2041,1601,2081,-1,-7,2033,2080
2.0151e+07,1355,1510,2040,1601,2081,-1,-16,2025,2082
2.0151e+07,1358,1510,2041,1601,2082,-1,-15,2024,2080
2.0151e+07,1409,1510,2038,1601,2081,-1,-16,2013,2072
2.0151e+07,2122,1510,2016,1601,2076,1,2,2015,2073
2.0151e+07,2128,1510,2016,1601,2076,1,1,2016,2075
2.0151e+07,2141,1510,2010,1601,2072,1,-2,2018,2082
2.0151e+07,2147,1510,2010,1601,2072,1,-2,2017,2081
2.0151e+07,2149,1510,2009,1601,2072,1,-2,2018,2083
2.0151e+07,2210,1510,2016,1601,2079,1,0,2020,2083
2.0151e+07,2214,1510,2016,1601,2079,1,-2,2018,2083
2.0151e+07,2224,1510,2018,1601,2085,1,3,2022,2086
2.0151e+07,2244,1510,2018,1601,2083,1,2,2020,2083
2.0151e+07,2250,1510,2019,1601,2083,1,1,2022,2085
2.0151e+07,2301,1510,2022,1601,2086,1,-1,2021,2086
2.0151e+07,2309,1510,2019,1601,2083,1,2,2021,2083
2.0151e+07,2323,1510,2018,1601,2083,1,2,2021,2084
2.0151e+07,2328,1510,2017,1601,2084,1,5,2022,2084
2.0151e+07,2356,1510,2023,1601,2088,1,4,2006,2067
2.0151e+07,48,1510,2004,1601,2068,1,-1,2002,2067
2.0151e+07,1007,1510,2018,1601,2063,-1,-7,2016,2068
2.0151e+07,2148,1510,2003,1601,2067,1,1,2004,2067
2.0151e+07,1040,1510,1991,1601,2060,1,5,1992,2056
2.0151e+07,2059,1510,1990,1601,2041,-1,3,1978,2026
2.0151e+07,2104,1510,1990,1601,2038,-1,0,1977,2025
2.0151e+07,0,1510,1998,1601,2042,-1,-2,1998,2044
2.0151e+07,0,1510,2079,1601,2118,-1,-1,2082,2122
2.0151e+07,904,1510,2067,1601,2118,1,1,2045,2095
2.0151e+07,0,1510,2044,1601,2076,-1,-1,2044,2077
2.0151e+07,901,1510,2073,1601,2118,1,-1,2057,2103
2.0151e+07,0,1510,2005,1601,2051,1,0,2004,2050
2.0151e+07,0,1510,2033,1601,2086,1,-2,2034,2089
2.0151e+07,4,1510,2033,1601,2087,1,-1,2033,2088
2.0151e+07,58,1510,2036,1601,2091,1,-1,2035,2091
2.0151e+07,859,1510,2006,1601,2049,-1,3,2004,2044
2.0151e+07,901,1510,2003,1601,2044,-1,3,2002,2040
2.0151e+07,0,1510,2018,1601,2060,-1,-2,2017,2061
2.0151e+07,900,1510,2029,1601,2086,1,9,2021,2069
2.0151e+07,0,1510,2058,1601,2092,-1,-1,2057,2092
2.0151e+07,900,1510,2017,1601,2061,1,-1,2034,2079
2.0151e+07,1050,1510,2035,1601,2081,1,-4,2039,2089
2.0151e+07,1058,1510,2038,1601,2087,1,0,2037,2086
2.0151e+07,1103,1510,2040,1601,2090,1,0,2034,2084
2.0151e+07,1105,1510,2045,1601,2097,1,0,2033,2085
2.0151e+07,1330,1510,2034,1601,2086,1,3,2029,2078
2.0151e+07,1332,1510,2033,1601,2085,1,3,2030,2079
2.0151e+07,1334,1510,2032,1601,2084,1,4,2032,2080
2.0151e+07,0,1510,2079,1601,2106,-1,0,2079,2106
2.0151e+07,900,1510,2058,1601,2095,1,4,2084,2117
2.0151e+07,0,1510,2078,1601,2091,-1,0,2079,2092
2.0151e+07,1009,1510,2078,1601,2106,1,6,2075,2097
2.0151e+07,2114,1510,2075,1601,2078,-1,-5,2073,2081
2.0151e+07,0,1510,2121,1601,2093,-1,2,2123,2093
2.0151e+07,35,1510,2122,1601,2091,-1,-4,2119,2092
2.0151e+07,41,1510,2123,1601,2092,-1,-4,2119,2092
2.0151e+07,859,1510,2084,1601,2098,1,21,2102,2095
2.0151e+07,909,1510,2089,1601,2098,-1,15,2098,2092
2.0151e+07,956,1510,2104,1601,2094,1,11,2126,2105
2.0151e+07,1010,1510,2103,1601,2094,1,8,2118,2101
2.0151e+07,1013,1510,2104,1601,2096,1,5,2111,2098
2.0151e+07,1046,1510,2120,1601,2102,1,-5,2108,2095
2.0151e+07,1051,1510,2117,1601,2101,1,-3,2111,2098
2.0151e+07,1058,1510,2111,1601,2098,1,2,2111,2096
2.0151e+07,0,1510,2123,1601,2088,-1,0,2121,2086
2.0151e+07,59,1510,2124,1601,2086,-1,-1,2124,2087
2.0151e+07,159,1510,2124,1601,2087,-1,0,2124,2087
2.0151e+07,859,1510,2117,1601,2095,1,28,2168,2118
2.0151e+07,910,1510,2164,1601,2119,-1,7,2167,2115
2.0151e+07,915,1510,2175,1601,2130,-1,11,2166,2110
2.0151e+07,942,1510,2165,1601,2108,-1,5,2170,2108
2.0151e+07,948,1510,2171,1601,2113,-1,-1,2159,2102
2.0151e+07,1032,1510,2166,1601,2103,-1,-2,2151,2090
2.0151e+07,1036,1510,2162,1601,2101,-1,1,2151,2089
2.0151e+07,1054,1510,2158,1601,2096,-1,-2,2148,2088
2.0151e+07,1056,1510,2158,1601,2095,-1,-3,2150,2090
2.0151e+07,1059,1510,2156,1601,2093,-1,-4,2146,2087
2.0151e+07,1123,1510,2152,1601,2091,-1,-24,2129,2092
2.0151e+07,1330,1510,2149,1601,2088,-1,-30,2119,2088
2.0151e+07,1444,1510,2122,1601,2086,1,10,2120,2074
2.0151e+07,1457,1510,2115,1601,2080,1,16,2131,2080
2.0151e+07,2110,1510,2118,1601,2074,1,5,2129,2080
2.0151e+07,0,1510,2125,1601,2096,1,0,2125,2096
2.0151e+07,902,1510,2134,1601,2091,-1,-6,2120,2083
2.0151e+07,0,1510,2116,1601,2063,-1,-1,2116,2064
2.0151e+07,46,1510,2116,1601,2064,-1,2,2113,2059
2.0151e+07,53,1510,2115,1601,2062,-1,1,2113,2059
2.0151e+07,159,1510,2113,1601,2059,-1,0,2113,2059
2.0151e+07,859,1510,2116,1601,2088,1,8,2109,2073
2.0151e+07,2107,1510,2129,1601,2073,-1,-4,2126,2074
2.0151e+07,0,1510,2120,1601,2062,-1,-2,2119,2063
2.0151e+07,0,1510,2106,1601,2070,1,0,2105,2069
2.0151e+07,100,1510,2105,1601,2068,1,0,2105,2068
2.0151e+07,859,1510,2116,1601,2063,-1,13,2117,2051
2.0151e+07,950,1510,2114,1601,2048,-1,3,2114,2045
2.0151e+07,1443,1510,2091,1601,2049,1,1,2094,2051
2.0151e+07,2108,1510,2092,1601,2048,1,-1,2097,2054
2.0151e+07,2110,1510,2096,1601,2052,1,-2,2098,2056
2.0151e+07,2115,1510,2092,1601,2050,1,-1,2095,2054
2.0151e+07,2120,1510,2094,1601,2052,1,-1,2094,2053
2.0151e+07,2125,1510,2093,1601,2052,1,0,2094,2053
2.0151e+07,2132,1510,2094,1601,2054,1,1,2093,2052
2.0151e+07,2148,1510,2095,1601,2055,1,0,2092,2052
2.0151e+07,2151,1510,2092,1601,2053,1,2,2092,2051
2.0151e+07,2211,1510,2091,1601,2053,1,0,2097,2059
2.0151e+07,2241,1510,2097,1601,2059,1,-1,2107,2070
2.0151e+07,2245,1510,2096,1601,2060,1,3,2106,2067
2.0151e+07,0,1510,2085,1601,2054,1,-2,2083,2054
2.0151e+07,4,1510,2084,1601,2054,1,-1,2083,2054
2.0151e+07,1454,1510,2078,1601,2055,1,-1,2076,2054
2.0151e+07,1457,1510,2076,1601,2055,1,0,2076,2055
2.0151e+07,1459,1510,2074,1601,2053,1,2,2079,2056
2.0151e+07,2304,1510,2086,1601,2055,-1,-1,2083,2053
2.0151e+07,0,1510,2110,1601,2093,1,1,2108,2090
2.0151e+07,0,1510,2120,1601,2084,-1,0,2120,2084
2.0151e+07,100,1510,2121,1601,2084,-1,0,2121,2084
2.0151e+07,859,1510,2109,1601,2088,1,-1,2101,2081
2.0151e+07,958,1510,2110,1601,2091,1,-4,2103,2088
2.0151e+07,1006,1510,2110,1601,2092,1,-2,2100,2084
2.0151e+07,1033,1510,2105,1601,2092,1,4,2098,2081
2.0151e+07,1048,1510,2101,1601,2087,1,4,2099,2081
2.0151e+07,1113,1510,2098,1601,2081,1,4,2114,2093
2.0151e+07,1455,1510,2130,1601,2091,-1,-5,2122,2088
2.0151e+07,2116,1510,2125,1601,2087,-1,-4,2122,2088
2.0151e+07,2119,1510,2127,1601,2088,-1,-4,2122,2087
2.0151e+07,2134,1510,2124,1601,2089,-1,1,2121,2085
2.0151e+07,2204,1510,2121,1601,2085,-1,-4,2120,2088
2.0151e+07,0,1510,2097,1601,2041,-1,0,2097,2041
2.0151e+07,100,1510,2098,1601,2041,-1,0,2098,2041
2.0151e+07,106,1510,2098,1601,2041,-1,0,2098,2041
2.0151e+07,859,1510,2103,1601,2064,1,1,2104,2064
2.0151e+07,958,1510,2097,1601,2062,1,6,2094,2053
2.0151e+07,1054,1510,2094,1601,2054,1,-1,2094,2055
2.0151e+07,1105,1510,2092,1601,2053,1,2,2094,2053
2.0151e+07,2135,1510,2101,1601,2042,-1,4,2092,2029
2.0151e+07,2138,1510,2101,1601,2041,-1,4,2094,2030
2.0151e+07,2143,1510,2102,1601,2040,-1,2,2094,2030
2.0151e+07,2146,1510,2100,1601,2037,-1,1,2092,2028
2.0151e+07,2158,1510,2090,1601,2028,-1,1,2094,2031
2.0151e+07,2205,1510,2092,1601,2029,-1,0,2097,2034
2.0151e+07,2208,1510,2094,1601,2030,-1,-1,2099,2036
2.0151e+07,2213,1510,2094,1601,2030,-1,-2,2096,2034
2.0151e+07,2217,1510,2092,1601,2027,-1,-4,2095,2034
2.0151e+07,2219,1510,2093,1601,2028,-1,-5,2095,2035
2.0151e+07,2224,1510,2093,1601,2028,-1,-6,2095,2036
2.0151e+07,2234,1510,2096,1601,2032,-1,-5,2093,2034
2.0151e+07,2238,1510,2099,1601,2036,-1,-4,2093,2034
2.0151e+07,0,1510,2081,1601,2037,1,-3,2080,2039
2.0151e+07,859,1510,2098,1601,2041,-1,1,2095,2037
2.0151e+07,2234,1510,2082,1601,2040,1,0,2083,2041
2.0151e+07,0,1510,2063,1601,2039,1,2,2063,2037
2.0151e+07,48,1510,2061,1601,2038,1,0,2062,2039
2.0151e+07,56,1510,2062,1601,2039,1,0,2062,2039
2.0151e+07,58,1510,2062,1601,2039,1,0,2062,2039
2.0151e+07,859,1510,2081,1601,2037,-1,-4,2070,2030
2.0151e+07,0,1510,2023,1601,2022,1,-2,2021,2022
2.0151e+07,35,1510,2021,1601,2023,1,0,2020,2022
2.0151e+07,37,1510,2020,1601,2023,1,1,2020,2022
2.0151e+07,44,1510,2021,1601,2023,1,0,2020,2022
2.0151e+07,52,1510,2022,1601,2023,1,-1,2020,2022
2.0151e+07,859,1510,2062,1601,2039,-1,1,2058,2034
2.0151e+07,953,1510,2060,1601,2034,-1,-2,2057,2033
2.0151e+07,956,1510,2060,1601,2034,-1,-3,2057,2034
2.0151e+07,959,1510,2060,1601,2034,-1,-1,2058,2033
2.0151e+07,1012,1510,2060,1601,2035,-1,-2,2059,2036
2.0151e+07,1035,1510,2058,1601,2034,-1,-1,2059,2036
2.0151e+07,1037,1510,2058,1601,2033,-1,-3,2058,2036
2.0151e+07,1042,1510,2058,1601,2034,-1,-1,2058,2035
2.0151e+07,1046,1510,2057,1601,2033,-1,-1,2059,2036
2.0151e+07,1049,1510,2057,1601,2033,-1,0,2059,2035
2.0151e+07,1052,1510,2058,1601,2034,-1,-3,2056,2035
2.0151e+07,1101,1510,2060,1601,2036,-1,-5,2053,2034
2.0151e+07,1105,1510,2059,1601,2036,-1,-3,2055,2035
2.0151e+07,1119,1510,2059,1601,2035,-1,-3,2050,2029
2.0151e+07,2110,1510,2024,1601,2020,1,-6,2019,2021
2.0151e+07,2118,1510,2021,1601,2019,1,-4,2021,2023
2.0151e+07,2124,1510,2024,1601,2022,1,-2,2023,2023
2.0151e+07,2132,1510,2022,1601,2023,1,0,2021,2022
2.0151e+07,2137,1510,2018,1601,2021,1,3,2019,2019
2.0151e+07,2157,1510,2022,1601,2023,1,3,2021,2019
2.0151e+07,2159,1510,2022,1601,2023,1,1,2020,2020
2.0151e+07,2202,1510,2021,1601,2022,1,3,2020,2018
2.0151e+07,2204,1510,2021,1601,2022,1,2,2020,2019
2.0151e+07,2208,1510,2019,1601,2020,1,2,2021,2020
2.0151e+07,2210,1510,2019,1601,2021,1,4,2020,2018
2.0151e+07,2213,1510,2021,1601,2022,1,3,2021,2019
2.0151e+07,2217,1510,2020,1601,2022,1,4,2018,2016
2.0151e+07,2219,1510,2021,1601,2022,1,3,2018,2016
2.0151e+07,2221,1510,2020,1601,2021,1,1,2019,2019
2.0151e+07,2229,1510,2020,1601,2020,1,1,2019,2018
2.0151e+07,2235,1510,2020,1601,2020,1,1,2018,2017
2.0151e+07,2239,1510,2020,1601,2020,1,0,2021,2021
2.0151e+07,2246,1510,2016,1601,2017,1,1,2019,2019
2.0151e+07,2301,1510,2016,1601,2018,1,2,2020,2020
2.0151e+07,0,1510,1966,1601,1943,-1,1,1968,1944
2.0151e+07,44,1510,1967,1601,1941,-1,3,1969,1940
2.0151e+07,47,1510,1967,1601,1941,-1,3,1969,1940
2.0151e+07,52,1510,1966,1601,1941,-1,4,1969,1940
2.0151e+07,54,1510,1966,1601,1941,-1,4,1969,1940
2.0151e+07,59,1510,1969,1601,1940,-1,0,1969,1940
2.0151e+07,159,1510,1969,1601,1940,-1,0,1969,1940
2.0151e+07,908,1510,1994,1601,1978,-1,6,1998,1976
2.0151e+07,914,1510,1995,1601,1970,-1,-3,1998,1976
2.0151e+07,917,1510,1999,1601,1974,-1,-3,1998,1976
2.0151e+07,1122,1510,1966,1601,1932,-1,-20,1971,1957
2.0151e+07,1347,1510,1960,1601,1944,1,5,1966,1945
2.0151e+07,953,1510,1990,1601,1956,-1,-6,1990,1962
2.0151e+07,957,1510,1994,1601,1957,-1,-10,1986,1959
2.0151e+07,1351,1510,1975,1601,1934,-1,1,1978,1936
2.0151e+07,0,1510,1990,1601,1989,1,-1,1990,1990
2.0151e+07,35,1510,1990,1601,1991,1,7,1994,1988
2.0151e+07,41,1510,1991,1601,1991,1,6,1994,1988
2.0151e+07,44,1510,1991,1601,1991,1,6,1994,1988
2.0151e+07,52,1510,1992,1601,1990,1,4,1994,1988
2.0151e+07,54,1510,1991,1601,1990,1,5,1994,1988
2.0151e+07,100,1510,1994,1601,1988,1,0,1994,1988
2.0151e+07,139,1510,1994,1601,1988,1,0,1994,1988
2.0151e+07,141,1510,1994,1601,1988,1,0,1994,1988
2.0151e+07,158,1510,1994,1601,1988,1,0,1994,1988
2.0151e+07,859,1510,1973,1601,1943,-1,-17,1984,1971
2.0151e+07,923,1510,1986,1601,1972,1,-2,1980,1968
2.0151e+07,925,1510,1987,1601,1976,1,0,1980,1969
2.0151e+07,917,1510,1951,1601,1958,1,10,1963,1960
2.0151e+07,920,1510,1950,1601,1956,1,12,1966,1960
2.0151e+07,2214,1510,1966,1601,1947,-1,-5,1967,1953
2.0151e+07,2235,1510,1968,1601,1951,-1,-4,1967,1954
2.0151e+07,900,1510,1961,1601,1923,-1,-8,1955,1925
2.0151e+07,925,1510,1958,1601,1925,-1,-1,1955,1923
2.0151e+07,1000,1510,1953,1601,1920,-1,0,1953,1920
2.0151e+07,1459,1510,1936,1601,1920,1,3,1942,1923
2.0151e+07,2142,1510,1939,1601,1923,1,1,1939,1922
2.0151e+07,0,1510,1979,1601,1974,1,4,1981,1972
2.0151e+07,58,1510,1975,1601,1972,1,4,1979,1972
2.0151e+07,0,1510,1968,1601,1947,-1,-1,1969,1949
2.0151e+07,159,1510,1967,1601,1946,-1,0,1967,1946
2.0151e+07,859,1510,1979,1601,1972,1,8,1979,1964
2.0151e+07,909,1510,1992,1601,1970,-1,-10,1978,1966
2.0151e+07,0,1510,1982,1601,1955,-1,-1,1981,1955
2.0151e+07,0,1510,1965,1601,1923,-1,-1,1965,1924
2.0151e+07,1033,1510,1963,1601,1935,1,-1,1962,1935
2.0151e+07,1404,1510,1966,1601,1942,1,7,1973,1942
2.0151e+07,1407,1510,1967,1601,1944,1,7,1971,1941
2.0151e+07,0,1510,1958,1601,1903,-1,0,1957,1902
2.0151e+07,157,1510,1958,1601,1902,-1,0,1958,1902
2.0151e+07,859,1510,1960,1601,1922,1,7,1960,1915
2.0151e+07,0,1510,1955,1601,1888,-1,-1,1953,1887
2.0151e+07,58,1510,1953,1601,1884,-1,1,1953,1883
2.0151e+07,859,1510,1958,1601,1902,1,2,1953,1895
2.0151e+07,901,1510,1953,1601,1879,-1,-8,1952,1886
2.0151e+07,1408,1510,1960,1601,1902,1,0,1959,1901
2.0151e+07,1459,1510,1957,1601,1902,1,7,1962,1900
2.0151e+07,0,1510,1937,1601,1910,1,5,1939,1907
2.0151e+07,47,1510,1938,1601,1905,1,0,1938,1905
2.0151e+07,50,1510,1938,1601,1904,1,-1,1938,1905
2.0151e+07,52,1510,1938,1601,1904,1,-1,1938,1905
2.0151e+07,859,1510,1957,1601,1895,-1,-1,1955,1894
2.0151e+07,956,1510,1954,1601,1894,-1,-3,1952,1895
2.0151e+07,1006,1510,1954,1601,1894,-1,-2,1951,1893
2.0151e+07,1008,1510,1953,1601,1894,-1,-2,1951,1894
2.0151e+07,1012,1510,1954,1601,1896,-1,1,1951,1892
2.0151e+07,1038,1510,1954,1601,1895,-1,-2,1949,1892
2.0151e+07,1044,1510,1954,1601,1896,-1,1,1949,1890
2.0151e+07,1050,1510,1951,1601,1893,-1,-3,1945,1890
2.0151e+07,1054,1510,1951,1601,1892,-1,-4,1946,1891
2.0151e+07,1102,1510,1951,1601,1892,-1,-4,1945,1890
2.0151e+07,1104,1510,1950,1601,1891,-1,-5,1945,1891
2.0151e+07,1115,1510,1948,1601,1889,-1,-7,1943,1891
2.0151e+07,1446,1510,1928,1601,1891,1,4,1931,1890
2.0151e+07,2059,1510,1927,1601,1892,1,8,1931,1888
2.0151e+07,2138,1510,1931,1601,1890,1,8,1942,1893
2.0151e+07,2209,1510,1939,1601,1894,1,-1,1942,1898
2.0151e+07,2354,1510,1937,1601,1908,1,0,1920,1891
2.0151e+07,1040,1510,1941,1601,1901,-1,0,1938,1898
2.0151e+07,1347,1510,1940,1601,1897,-1,-5,1932,1894
2.0151e+07,902,1510,1920,1601,1880,-1,-5,1914,1879
2.0151e+07,945,1510,1901,1601,1878,1,-7,1891,1875
2.0151e+07,1014,1510,1892,1601,1875,1,3,1888,1868
2.0151e+07,1332,1510,1890,1601,1871,1,-7,1881,1869
2.0151e+07,1353,1510,1886,1601,1872,1,-6,1878,1870
2.0151e+07,1403,1510,1878,1601,1870,1,-4,1873,1869
2.0151e+07,1418,1510,1874,1601,1870,1,1,1870,1865
2.0151e+07,1420,1510,1876,1601,1870,1,1,1870,1863
2.0151e+07,1428,1510,1875,1601,1870,1,12,1873,1856
2.0151e+07,1433,1510,1873,1601,1869,1,12,1870,1854
2.0151e+07,1451,1510,1881,1601,1860,-1,-14,1861,1854
2.0151e+07,1459,1510,1872,1601,1859,1,-2,1864,1853
2.0151e+07,2102,1510,1868,1601,1855,1,0,1868,1855
2.0151e+07,2104,1510,1870,1601,1857,1,1,1870,1856
2.0151e+07,2107,1510,1868,1601,1857,1,5,1870,1854
2.0151e+07,2113,1510,1863,1601,1854,1,7,1871,1855
2.0151e+07,2119,1510,1861,1601,1854,1,6,1869,1856
2.0151e+07,0,1510,1833,1601,1830,1,-3,1831,1831
2.0151e+07,859,1510,1864,1601,1833,-1,-6,1864,1839
2.0151e+07,903,1510,1858,1601,1837,-1,4,1862,1837
2.0151e+07,1001,1510,1857,1601,1837,-1,-4,1850,1834
2.0151e+07,1005,1510,1855,1601,1834,-1,-4,1850,1833
2.0151e+07,1033,1510,1852,1601,1833,-1,-6,1844,1831
2.0151e+07,1039,1510,1851,1601,1832,-1,-1,1849,1831
2.0151e+07,2059,1510,1857,1601,1837,-1,-15,1838,1833
2.0151e+07,2110,1510,1842,1601,1836,1,-1,1838,1833
2.0151e+07,2120,1510,1836,1601,1832,1,3,1839,1832
2.0151e+07,2123,1510,1836,1601,1832,1,4,1839,1831
2.0151e+07,2128,1510,1836,1601,1833,1,3,1840,1834
2.0151e+07,2215,1510,1831,1601,1829,1,3,1837,1832
2.0151e+07,2218,1510,1831,1601,1830,1,5,1838,1832
2.0151e+07,0,1510,1767,1601,1821,1,0,1767,1821
2.0151e+07,21,1510,1767,1601,1821,1,0,1767,1821
2.0151e+07,915,1510,1829,1601,1831,1,-2,1827,1831
2.0151e+07,947,1510,1827,1601,1830,-1,-12,1812,1827
2.0151e+07,950,1510,1827,1601,1832,-1,-5,1817,1827
2.0151e+07,1033,1510,1815,1601,1827,-1,-18,1792,1822
2.0151e+07,1053,1510,1805,1601,1826,-1,-2,1799,1822
2.0151e+07,1105,1510,1793,1601,1821,-1,0,1795,1823
2.0151e+07,1128,1510,1800,1601,1820,-1,-22,1781,1823
2.0151e+07,1342,1510,1774,1601,1822,1,-1,1772,1821
2.0151e+07,1403,1510,1771,1601,1823,1,6,1775,1821
2.0151e+07,1406,1510,1769,1601,1822,1,7,1773,1819
2.0151e+07,1419,1510,1771,1601,1821,1,3,1772,1819
2.0151e+07,1422,1510,1771,1601,1820,1,-2,1770,1821
2.0151e+07,1429,1510,1772,1601,1819,1,-7,1767,1821
2.0151e+07,1431,1510,1772,1601,1819,1,-7,1767,1821
2.0151e+07,1436,1510,1773,1601,1819,1,-8,1767,1821
2.0151e+07,1438,1510,1773,1601,1820,1,-7,1767,1821
2.0151e+07,1456,1510,1774,1601,1819,1,-9,1767,1821
2.0151e+07,1458,1510,1770,1601,1821,1,-3,1767,1821
2.0151e+07,2157,1510,1767,1601,1821,1,0,1767,1821
2.0151e+07,859,1510,1767,1601,1837,1,20,1776,1826
2.0151e+07,904,1510,1767,1601,1834,1,22,1780,1825
2.0151e+07,912,1510,1770,1601,1824,-1,14,1780,1820
2.0151e+07,1011,1510,1790,1601,1827,-1,-16,1785,1838
2.0151e+07,1037,1510,1780,1601,1838,1,7,1785,1836
2.0151e+07,1041,1510,1782,1601,1847,1,16,1786,1835
2.0151e+07,1049,1510,1784,1601,1838,-1,7,1786,1833
2.0151e+07,1459,1510,1769,1601,1827,1,60,1832,1830
2.0151e+07,2122,1510,1832,1601,1830,-1,1,1832,1829
2.0151e+07,2155,1510,1780,1601,1830,1,-6,1772,1828
2.0151e+07,2203,1510,1786,1601,1829,-1,-8,1777,1828
2.0151e+07,2218,1510,1772,1601,1828,-1,3,1777,1830
2.0151e+07,2228,1510,1772,1601,1828,-1,4,1777,1829
2.0151e+07,2232,1510,1777,1601,1828,-1,-2,1777,1830
2.0151e+07,0,1510,1780,1601,1839,1,-1,1780,1840
2.0151e+07,27,1510,1780,1601,1841,1,1,1780,1840
2.0151e+07,39,1510,1780,1601,1841,1,1,1780,1840
2.0151e+07,100,1510,1780,1601,1840,1,0,1780,1840
2.0151e+07,122,1510,1780,1601,1840,1,0,1780,1840
2.0151e+07,1039,1510,1785,1601,1836,-1,-9,1779,1839
2.0151e+07,1042,1510,1785,1601,1835,-1,-10,1779,1839
2.0151e+07,1334,1510,1785,1601,1853,1,6,1792,1854
2.0151e+07,1337,1510,1790,1601,1863,1,10,1792,1855
2.0151e+07,1357,1510,1787,1601,1854,1,-5,1785,1857
2.0151e+07,1410,1510,1786,1601,1855,1,0,1785,1854
2.0151e+07,1426,1510,1785,1601,1856,1,0,1780,1851
2.0151e+07,1429,1510,1785,1601,1858,1,2,1781,1852
2.0151e+07,1452,1510,1780,1601,1851,1,5,1781,1847
2.0151e+07,2059,1510,1781,1601,1857,1,10,1781,1847
2.0151e+07,2154,1510,1767,1601,1846,1,18,1780,1841
2.0151e+07,2203,1510,1780,1601,1840,-1,-1,1780,1841
2.0151e+07,0,1510,1747,1601,1836,1,1,1747,1835
2.0151e+07,32,1510,1738,1601,1834,1,-1,1738,1835
2.0151e+07,43,1510,1738,1601,1835,1,0,1738,1835
2.0151e+07,910,1510,1770,1601,1855,1,-10,1761,1856
2.0151e+07,941,1510,1761,1601,1858,1,-5,1763,1865
2.0151e+07,943,1510,1761,1601,1859,1,-2,1763,1863
2.0151e+07,954,1510,1755,1601,1861,1,6,1765,1865
2.0151e+07,1048,1510,1752,1601,1860,1,6,1755,1857
2.0151e+07,1121,1510,1752,1601,1857,1,12,1763,1856
2.0151e+07,1356,1510,1754,1601,1855,1,-1,1750,1852
2.0151e+07,1410,1510,1754,1601,1859,1,-1,1742,1848
2.0151e+07,1439,1510,1742,1601,1849,1,-30,1710,1847
2.0151e+07,1450,1510,1730,1601,1846,1,3,1730,1843
2.0151e+07,1459,1510,1708,1601,1848,1,29,1729,1840
2.0151e+07,2110,1510,1730,1601,1844,-1,3,1729,1840
2.0151e+07,2118,1510,1730,1601,1843,1,6,1732,1839
2.0151e+07,2126,1510,1729,1601,1841,1,4,1732,1840
2.0151e+07,2128,1510,1729,1601,1842,1,6,1732,1839
2.0151e+07,2135,1510,1729,1601,1840,1,4,1732,1839
2.0151e+07,2137,1510,1729,1601,1840,1,3,1732,1840
2.0151e+07,2140,1510,1729,1601,1840,1,3,1732,1840
2.0151e+07,2156,1510,1732,1601,1840,1,13,1736,1831
2.0151e+07,2226,1510,1736,1601,1831,-1,-4,1736,1835
2.0151e+07,2304,1510,1747,1601,1834,-1,-2,1747,1836
2.0151e+07,0,1510,1780,1601,1834,-1,1,1780,1833
2.0151e+07,16,1510,1780,1601,1834,-1,0,1780,1834
2.0151e+07,908,1510,1738,1601,1826,-1,2,1740,1826
2.0151e+07,942,1510,1740,1601,1828,1,3,1740,1825
2.0151e+07,954,1510,1740,1601,1825,1,18,1755,1822
2.0151e+07,957,1510,1740,1601,1823,1,17,1755,1821
2.0151e+07,1041,1510,1755,1601,1821,1,-4,1755,1825
2.0151e+07,1101,1510,1755,1601,1824,1,-8,1755,1832
2.0151e+07,1116,1510,1755,1601,1829,1,-6,1755,1835
2.0151e+07,1129,1510,1755,1601,1837,1,5,1756,1833
2.0151e+07,1402,1510,1780,1601,1831,-1,-7,1780,1838
2.0151e+07,2100,1510,1780,1601,1836,-1,-24,1752,1832
2.0151e+07,2120,1510,1752,1601,1828,-1,-3,1752,1831
2.0151e+07,2228,1510,1752,1601,1834,1,0,1752,1834
2.0151e+07,2230,1510,1752,1601,1834,1,0,1752,1834
2.0151e+07,2236,1510,1752,1601,1834,1,0,1752,1834
2.0151e+07,2245,1510,1752,1601,1834,1,29,1780,1833
2.0151e+07,2310,1510,1780,1601,1833,-1,0,1780,1833
2.0151e+07,0,1510,1730,1601,1831,1,0,1730,1831
2.0151e+07,48,1510,1730,1601,1831,1,0,1730,1831
2.0151e+07,859,1510,1780,1601,1833,-1,-23,1761,1837
2.0151e+07,917,1510,1780,1601,1837,1,-17,1761,1835
2.0151e+07,923,1510,1761,1601,1837,1,2,1761,1835
2.0151e+07,959,1510,1761,1601,1836,-1,0,1761,1836
2.0151e+07,1044,1510,1761,1601,1836,-1,18,1774,1831
2.0151e+07,1114,1510,1774,1601,1831,-1,1,1774,1830
2.0151e+07,1118,1510,1774,1601,1830,-1,-1,1774,1831
2.0151e+07,1129,1510,1774,1601,1831,-1,-1,1774,1832
2.0151e+07,1339,1510,1774,1601,1830,-1,-5,1774,1835
2.0151e+07,1349,1510,1774,1601,1831,-1,2,1774,1829
2.0151e+07,1357,1510,1774,1601,1832,-1,3,1774,1829
2.0151e+07,1414,1510,1774,1601,1831,-1,3,1774,1828
2.0151e+07,1426,1510,1774,1601,1829,-1,-1,1774,1830
2.0151e+07,1428,1510,1774,1601,1828,-1,-1,1774,1829
2.0151e+07,2130,1510,1750,1601,1833,1,0,1750,1833
2.0151e+07,2225,1510,1750,1601,1831,1,-19,1730,1830
2.0151e+07,2228,1510,1750,1601,1831,1,-19,1730,1830
2.0151e+07,9,1510,1755,1601,1825,1,-2,1755,1827
2.0151e+07,21,1510,1755,1601,1826,1,1,1755,1825
2.0151e+07,24,1510,1755,1601,1827,1,1,1755,1826
2.0151e+07,859,1510,1774,1601,1831,-1,-27,1749,1833
2.0151e+07,912,1510,1749,1601,1835,-1,3,1749,1832
2.0151e+07,1044,1510,1749,1601,1838,1,4,1751,1836
2.0151e+07,1055,1510,1777,1601,1837,-1,-25,1751,1836
2.0151e+07,1107,1510,1751,1601,1840,1,3,1751,1837
2.0151e+07,1420,1510,1751,1601,1843,1,5,1751,1838
2.0151e+07,1423,1510,1751,1601,1844,1,12,1755,1836
2.0151e+07,0,1610,1876,1601,1831,-1,1,1879,1833
2.0151e+07,13,1610,1876,1601,1832,-1,2,1879,1833
2.0151e+07,955,1610,1870,1601,1823,-1,-2,1871,1826
2.0151e+07,1002,1610,1873,1601,1828,-1,-2,1872,1829
2.0151e+07,1006,1610,1873,1601,1827,-1,-4,1874,1832
2.0151e+07,1008,1610,1872,1601,1826,-1,-2,1875,1831
2.0151e+07,1459,1610,1869,1601,1830,1,6,1877,1832
2.0151e+07,2104,1610,1880,1601,1830,-1,-4,1878,1832
2.0151e+07,0,1610,1862,1601,1807,-1,1,1864,1808
2.0151e+07,859,1610,1869,1601,1830,1,5,1878,1834
2.0151e+07,903,1610,1880,1601,1838,1,0,1876,1834
2.0151e+07,935,1610,1870,1601,1834,1,4,1875,1835
2.0151e+07,1000,1610,1875,1601,1834,1,3,1876,1832
2.0151e+07,1037,1610,1875,1601,1833,1,2,1876,1832
2.0151e+07,1046,1610,1876,1601,1834,1,1,1873,1830
2.0151e+07,1050,1610,1876,1601,1834,1,0,1873,1831
2.0151e+07,1114,1610,1873,1601,1831,1,7,1867,1818
2.0151e+07,2100,1610,1868,1601,1807,-1,-4,1861,1804
2.0151e+07,0,1610,1845,1601,1797,1,0,1843,1795
2.0151e+07,3,1610,1845,1601,1798,1,0,1843,1796
2.0151e+07,0,1610,1849,1601,1813,1,2,1851,1813
2.0151e+07,1448,1610,1845,1601,1811,1,-1,1840,1807
2.0151e+07,0,1610,1833,1601,1805,1,1,1833,1804
2.0151e+07,0,1610,1821,1601,1804,1,2,1822,1803
2.0151e+07,1106,1610,1824,1601,1792,-1,-1,1824,1793
2.0151e+07,2206,1610,1816,1601,1802,1,3,1819,1802
2.0151e+07,859,1610,1830,1601,1801,-1,-1,1826,1798
2.0151e+07,0,1610,1822,1601,1784,-1,-1,1823,1786
2.0151e+07,0,1610,1814,1601,1784,1,-1,1812,1783
2.0151e+07,859,1610,1822,1601,1782,-1,-4,1822,1786
2.0151e+07,0,1610,1797,1601,1778,1,-1,1796,1778
2.0151e+07,1354,1610,1813,1601,1775,-1,-5,1811,1778
2.0151e+07,2207,1610,1798,1601,1778,1,-2,1796,1778
2.0151e+07,2213,1610,1797,1601,1778,1,1,1797,1777
2.0151e+07,2217,1610,1796,1601,1778,1,-1,1794,1777
2.0151e+07,2236,1610,1796,1601,1778,1,1,1796,1777
2.0151e+07,0,1610,1794,1601,1781,1,0,1794,1781
2.0151e+07,3,1610,1794,1601,1781,1,2,1795,1780
2.0151e+07,0,1610,1802,1601,1779,-1,1,1803,1779
2.0151e+07,1044,1610,1791,1601,1781,1,11,1810,1789
2.0151e+07,1054,1610,1792,1601,1784,1,11,1806,1787
2.0151e+07,0,1610,1816,1601,1782,-1,0,1815,1781
2.0151e+07,0,1610,1807,1601,1763,-1,2,1808,1762
2.0151e+07,900,1610,1814,1601,1782,1,-2,1812,1782
2.0151e+07,1032,1610,1811,1601,1782,1,3,1815,1783
2.0151e+07,2240,1610,1808,1601,1761,-1,-3,1808,1764
2.0151e+07,0,1610,1783,1601,1762,1,0,1782,1761
2.0151e+07,0,1610,1767,1601,1763,1,1,1769,1764
2.0151e+07,859,1610,1783,1601,1760,-1,-4,1779,1760
2.0151e+07,1410,1610,1742,1601,1733,-1,-2,1742,1735
2.0151e+07,959,1610,1677,1601,1681,1,5,1677,1676
2.0151e+07,1101,1610,1668,1601,1669,1,8,1672,1665
2.0151e+07,42,1610,1698,1601,1675,-1,-7,1692,1676
2.0151e+07,903,1610,1672,1601,1669,1,6,1675,1666
2.0151e+07,1102,1610,1663,1601,1662,1,1,1673,1671
2.0151e+07,1352,1610,1675,1601,1677,1,4,1668,1666
2.0151e+07,1359,1610,1671,1601,1674,1,6,1670,1667
2.0151e+07,2059,1610,1673,1601,1679,1,10,1671,1667
2.0151e+07,0,1610,1690,1601,1666,-1,0,1686,1662
2.0151e+07,1122,1610,1672,1601,1662,1,2,1678,1666
2.0151e+07,1,1610,1692,1601,1661,-1,-1,1692,1662
2.0151e+07,859,1610,1685,1601,1663,1,5,1697,1670
2.0151e+07,1443,1610,1698,1601,1665,-1,-8,1689,1664
2.0151e+07,0,1610,1667,1601,1647,1,0,1669,1649
2.0151e+07,859,1610,1693,1601,1661,-1,-11,1685,1664
2.0151e+07,2100,1610,1660,1601,1633,-1,-5,1664,1642
2.0151e+07,0,1610,1641,1601,1608,-1,1,1640,1606
2.0151e+07,59,1610,1637,1601,1601,-1,0,1637,1601
2.0151e+07,859,1610,1668,1601,1652,1,-3,1646,1633
2.0151e+07,959,1610,1641,1601,1624,1,0,1638,1621
2.0151e+07,1003,1610,1640,1601,1624,1,0,1636,1620
2.0151e+07,1006,1610,1641,1601,1625,1,1,1637,1620
2.0151e+07,1013,1610,1638,1601,1623,1,2,1638,1621
2.0151e+07,1032,1610,1635,1601,1620,1,0,1635,1620
2.0151e+07,1041,1610,1638,1601,1622,1,0,1636,1620
2.0151e+07,1055,1610,1635,1601,1620,1,2,1639,1622
2.0151e+07,1352,1610,1639,1601,1625,1,1,1639,1624
2.0151e+07,2059,1610,1634,1601,1622,1,14,1637,1611
2.0151e+07,0,1610,1678,1601,1632,-1,-1,1681,1636
2.0151e+07,41,1610,1684,1601,1635,-1,0,1688,1639
2.0151e+07,54,1610,1686,1601,1638,-1,1,1688,1639
2.0151e+07,59,1610,1688,1601,1639,-1,0,1688,1639
2.0151e+07,900,1610,1638,1601,1606,1,2,1641,1607
2.0151e+07,953,1610,1645,1601,1617,1,4,1645,1613
2.0151e+07,1030,1610,1645,1601,1617,1,4,1642,1610
2.0151e+07,1041,1610,1644,1601,1614,1,5,1641,1606
2.0151e+07,1049,1610,1643,1601,1614,1,5,1641,1607
2.0151e+07,1343,1610,1637,1601,1606,1,3,1645,1611
2.0151e+07,2208,1610,1666,1601,1638,1,9,1666,1629
2.0151e+07,0,1610,1687,1601,1616,-1,2,1685,1612
2.0151e+07,28,1610,1686,1601,1612,-1,0,1683,1609
2.0151e+07,31,1610,1685,1601,1612,-1,-2,1682,1611
2.0151e+07,40,1610,1685,1601,1613,-1,-1,1682,1611
2.0151e+07,859,1610,1688,1601,1639,1,3,1679,1627
2.0151e+07,1045,1610,1684,1601,1628,1,1,1676,1619
2.0151e+07,1100,1610,1678,1601,1624,1,5,1676,1617
2.0151e+07,2100,1610,1690,1601,1615,-1,1,1693,1617
2.0151e+07,2102,1610,1686,1601,1612,-1,0,1691,1617
2.0151e+07,2110,1610,1696,1601,1618,-1,-4,1692,1618
2.0151e+07,2121,1610,1695,1601,1616,-1,-5,1693,1619
2.0151e+07,2124,1610,1695,1601,1616,-1,-5,1693,1619
2.0151e+07,2204,1610,1696,1601,1618,-1,-4,1694,1620
2.0151e+07,2206,1610,1698,1601,1620,-1,-3,1695,1620
2.0151e+07,2218,1610,1700,1601,1620,-1,0,1694,1614
2.0151e+07,0,1610,1665,1601,1586,-1,-1,1664,1586
2.0151e+07,1047,1610,1678,1601,1613,1,-1,1676,1612
2.0151e+07,1356,1610,1670,1601,1605,1,0,1666,1601
2.0151e+07,2059,1610,1665,1601,1610,1,13,1671,1603
2.0151e+07,0,1610,1684,1601,1597,-1,3,1684,1594
2.0151e+07,49,1610,1685,1601,1594,-1,-1,1684,1594
2.0151e+07,56,1610,1684,1601,1593,-1,-1,1684,1594
2.0151e+07,100,1610,1684,1601,1594,-1,0,1684,1594
2.0151e+07,156,1610,1684,1601,1594,-1,0,1684,1594
2.0151e+07,901,1610,1667,1601,1592,1,1,1662,1586
2.0151e+07,2100,1610,1685,1601,1586,-1,-1,1684,1586
2.0151e+07,2114,1610,1684,1601,1584,-1,-8,1678,1586
2.0151e+07,2119,1610,1684,1601,1584,-1,-10,1678,1588
2.0151e+07,2127,1610,1685,1601,1585,-1,-9,1679,1588
2.0151e+07,859,1610,1683,1601,1588,-1,-9,1694,1608
2.0151e+07,913,1610,1692,1601,1611,1,13,1695,1601
2.0151e+07,0,1610,1684,1601,1610,1,1,1685,1610
2.0151e+07,56,1610,1681,1601,1612,1,0,1682,1613
2.0151e+07,100,1610,1682,1601,1613,1,0,1682,1613
2.0151e+07,2059,1610,1670,1601,1607,1,5,1679,1611
2.0151e+07,859,1610,1682,1601,1613,1,-1,1683,1615
2.0151e+07,901,1610,1682,1601,1614,1,1,1684,1615
2.0151e+07,2235,1610,1680,1601,1596,-1,-4,1681,1601
2.0151e+07,0,1610,1673,1601,1605,1,1,1673,1604
2.0151e+07,859,1610,1679,1601,1598,-1,-3,1676,1598
2.0151e+07,0,1610,1703,1601,1636,1,1,1703,1635
2.0151e+07,0,1610,1688,1601,1634,1,-1,1687,1634
2.0151e+07,59,1610,1685,1601,1634,1,0,1685,1634
2.0151e+07,859,1610,1703,1601,1636,-1,-8,1707,1648
2.0151e+07,0,1610,1708,1601,1667,1,0,1708,1667
2.0151e+07,2103,1610,1698,1601,1657,1,-7,1704,1670
2.0151e+07,0,1610,1706,1601,1688,1,-1,1704,1687
2.0151e+07,55,1610,1704,1601,1690,1,2,1705,1689
2.0151e+07,100,1610,1705,1601,1689,1,0,1705,1689
2.0151e+07,859,1610,1709,1601,1666,-1,-8,1711,1676
2.0151e+07,1437,1610,1697,1601,1686,1,-3,1700,1692
2.0151e+07,1445,1610,1696,1601,1686,1,1,1702,1691
2.0151e+07,1459,1610,1695,1601,1686,1,8,1701,1684
2.0151e+07,2107,1610,1701,1601,1695,1,11,1703,1686
2.0151e+07,0,1610,1742,1601,1752,1,4,1751,1757
2.0151e+07,100,1610,1763,1601,1760,1,0,1763,1760
2.0151e+07,859,1610,1705,1601,1689,-1,-1,1708,1693
2.0151e+07,1009,1610,1712,1601,1694,-1,-1,1714,1697
2.0151e+07,1013,1610,1712,1601,1694,-1,0,1714,1696
2.0151e+07,1043,1610,1711,1601,1694,-1,1,1715,1697
2.0151e+07,1049,1610,1713,1601,1695,-1,-1,1714,1697
2.0151e+07,1058,1610,1714,1601,1696,-1,1,1715,1696
2.0151e+07,1105,1610,1716,1601,1697,-1,-4,1721,1706
2.0151e+07,1110,1610,1716,1601,1696,-1,-3,1720,1703
2.0151e+07,2059,1610,1729,1601,1730,1,-8,1732,1741
2.0151e+07,2124,1610,1732,1601,1742,1,4,1733,1739
2.0151e+07,2128,1610,1732,1601,1742,1,1,1733,1742
2.0151e+07,2130,1610,1732,1601,1742,1,3,1734,1741
2.0151e+07,2139,1610,1730,1601,1739,1,2,1735,1742
2.0151e+07,2143,1610,1730,1601,1739,1,2,1736,1743
2.0151e+07,2154,1610,1733,1601,1739,1,-3,1739,1748
2.0151e+07,2157,1610,1735,1601,1743,1,-1,1737,1746
2.0151e+07,2207,1610,1735,1601,1742,1,0,1740,1747
2.0151e+07,2212,1610,1735,1601,1742,1,1,1739,1745
2.0151e+07,2217,1610,1736,1601,1745,1,3,1739,1745
2.0151e+07,2219,1610,1739,1601,1747,1,2,1739,1745
2.0151e+07,2222,1610,1739,1601,1749,1,4,1739,1745
2.0151e+07,2227,1610,1737,1601,1746,1,1,1739,1747
2.0151e+07,2236,1610,1738,1601,1747,1,4,1738,1743
2.0151e+07,2257,1610,1739,1601,1747,1,-1,1739,1748
2.0151e+07,2300,1610,1736,1601,1745,1,-1,1738,1748
2.0151e+07,2312,1610,1738,1601,1748,1,1,1740,1749
2.0151e+07,0,1610,1757,1601,1792,1,1,1758,1792
2.0151e+07,33,1610,1758,1601,1793,1,0,1757,1792
2.0151e+07,43,1610,1758,1601,1792,1,-1,1757,1792
2.0151e+07,153,1610,1757,1601,1792,1,0,1757,1792
2.0151e+07,859,1610,1726,1601,1721,-1,-18,1750,1763
2.0151e+07,904,1610,1761,1601,1766,-1,-6,1751,1762
2.0151e+07,1005,1610,1759,1601,1775,-1,-3,1763,1782
2.0151e+07,1013,1610,1757,1601,1774,-1,-3,1761,1781
2.0151e+07,1031,1610,1759,1601,1776,-1,-4,1761,1782
2.0151e+07,1044,1610,1764,1601,1780,-1,0,1768,1784
2.0151e+07,1106,1610,1767,1601,1783,-1,-3,1762,1781
2.0151e+07,2059,1610,1768,1601,1794,1,-27,1773,1826
2.0151e+07,2113,1610,1773,1601,1800,1,-36,1778,1841
2.0151e+07,2136,1610,1777,1601,1833,1,0,1770,1826
2.0151e+07,2150,1610,1777,1601,1841,1,16,1770,1818
2.0151e+07,2153,1610,1776,1601,1839,1,14,1769,1818
2.0151e+07,2156,1610,1773,1601,1838,1,20,1767,1812
2.0151e+07,2213,1610,1767,1601,1813,1,-10,1758,1814
2.0151e+07,2301,1610,1756,1601,1805,1,15,1758,1792
2.0151e+07,2341,1610,1757,1601,1797,1,9,1752,1783
2.0151e+07,920,1610,1763,1601,1807,1,6,1755,1793
2.0151e+07,2129,1610,1749,1601,1781,-1,3,1749,1778
2.0151e+07,2131,1610,1747,1601,1777,-1,1,1748,1777
2.0151e+07,0,1610,1756,1601,1809,1,3,1755,1805
2.0151e+07,100,1610,1755,1601,1804,1,0,1755,1804
2.0151e+07,909,1610,1745,1601,1793,1,-6,1736,1790
2.0151e+07,929,1610,1739,1601,1791,1,1,1740,1791
2.0151e+07,934,1610,1735,1601,1790,1,6,1739,1788
2.0151e+07,1334,1610,1744,1601,1803,1,3,1744,1800
2.0151e+07,1339,1610,1744,1601,1804,1,7,1750,1803
2.0151e+07,1402,1610,1760,1601,1826,1,1,1756,1821
2.0151e+07,1408,1610,1760,1601,1830,1,5,1758,1823
2.0151e+07,1413,1610,1754,1601,1826,1,5,1758,1825
2.0151e+07,1458,1610,1751,1601,1820,1,2,1753,1820
2.0151e+07,0,1610,1762,1601,1809,-1,-2,1762,1811
2.0151e+07,859,1610,1755,1601,1815,1,-1,1755,1816
2.0151e+07,1004,1610,1752,1601,1817,1,1,1754,1818
2.0151e+07,1006,1610,1752,1601,1817,1,3,1755,1817
2.0151e+07,1030,1610,1751,1601,1817,1,3,1756,1819
2.0151e+07,1046,1610,1754,1601,1818,1,0,1755,1819
2.0151e+07,1049,1610,1754,1601,1818,1,3,1756,1817
2.0151e+07,1054,1610,1755,1601,1819,1,-1,1755,1820
2.0151e+07,1106,1610,1755,1601,1820,1,-1,1755,1821
2.0151e+07,1108,1610,1755,1601,1820,1,0,1757,1822
2.0151e+07,1124,1610,1755,1601,1820,1,3,1758,1820
2.0151e+07,1332,1610,1755,1601,1821,1,5,1759,1820
2.0151e+07,1334,1610,1754,1601,1820,1,6,1760,1820
2.0151e+07,2059,1610,1758,1601,1826,1,16,1759,1811
2.0151e+07,2133,1610,1759,1601,1804,-1,2,1757,1800
2.0151e+07,2223,1610,1758,1601,1806,-1,0,1761,1809
2.0151e+07,859,1610,1761,1601,1822,1,3,1752,1810
2.0151e+07,903,1610,1757,1601,1813,1,-1,1750,1807
2.0151e+07,928,1610,1749,1601,1809,1,4,1751,1807
2.0151e+07,1005,1610,1750,1601,1809,1,0,1754,1813
2.0151e+07,1008,1610,1750,1601,1809,1,-1,1755,1815
2.0151e+07,1053,1610,1755,1601,1815,1,-1,1753,1814
2.0151e+07,1108,1610,1752,1601,1814,1,4,1757,1815
2.0151e+07,1333,1610,1752,1601,1815,1,9,1765,1819
2.0151e+07,2111,1610,1773,1601,1834,1,-2,1779,1842
2.0151e+07,2113,1610,1772,1601,1833,1,-1,1779,1841
2.0151e+07,2134,1610,1778,1601,1840,1,5,1783,1840
2.0151e+07,2136,1610,1778,1601,1842,1,7,1782,1839
2.0151e+07,0,1610,1820,1601,1856,-1,-2,1822,1860
2.0151e+07,909,1610,1785,1601,1820,-1,-9,1783,1827
2.0151e+07,1427,1610,1785,1601,1839,1,7,1794,1841
2.0151e+07,2059,1610,1791,1601,1846,1,3,1794,1846
2.0151e+07,2104,1610,1791,1601,1847,1,3,1792,1845
2.0151e+07,2107,1610,1791,1601,1849,1,6,1793,1845
2.0151e+07,950,1610,1808,1601,1833,-1,-1,1817,1843
2.0151e+07,1034,1610,1816,1601,1842,-1,-7,1807,1840
2.0151e+07,1037,1610,1816,1601,1842,-1,-5,1808,1839
2.016e+07,859,1610,1825,1601,1845,-1,-15,1820,1855
2.016e+07,904,1610,1829,1601,1862,-1,0,1817,1850
2.016e+07,907,1610,1821,1601,1853,-1,-2,1816,1850
2.016e+07,909,1610,1820,1601,1851,-1,-2,1817,1850
2.016e+07,911,1610,1821,1601,1850,-1,-1,1817,1847
2.016e+07,922,1610,1816,1601,1848,-1,-3,1813,1848
2.016e+07,1048,1610,1809,1601,1845,-1,-4,1807,1847
2.016e+07,1414,1610,1797,1601,1847,1,0,1790,1840
2.016e+07,1440,1610,1789,1601,1844,1,8,1797,1844
2.016e+07,2108,1610,1797,1601,1844,1,13,1795,1829
2.016e+07,0,1610,1789,1601,1851,1,2,1791,1851
2.016e+07,46,1610,1789,1601,1851,1,-4,1785,1851
2.016e+07,159,1610,1785,1601,1851,1,0,1785,1851
2.016e+07,227,1610,1785,1601,1851,1,19,1782,1829
2.016e+07,859,1610,1783,1601,1830,-1,-1,1781,1829
2.016e+07,1014,1610,1793,1601,1835,-1,1,1791,1832
2.016e+07,1033,1610,1793,1601,1835,-1,5,1793,1830
2.016e+07,1035,1610,1793,1601,1835,-1,5,1793,1830
2.016e+07,1039,1610,1793,1601,1835,-1,0,1791,1833
2.016e+07,1057,1610,1790,1601,1834,-1,1,1791,1834
2.016e+07,1059,1610,1791,1601,1832,-1,-6,1789,1836
2.016e+07,1337,1610,1793,1601,1837,-1,-3,1791,1838
2.016e+07,2108,1610,1795,1601,1849,1,-15,1794,1863
2.016e+07,2111,1610,1796,1601,1852,1,-12,1795,1863
2.016e+07,2123,1610,1796,1601,1854,1,-8,1793,1859
2.016e+07,2125,1610,1796,1601,1855,1,-7,1793,1859
2.016e+07,2129,1610,1798,1601,1860,1,-8,1789,1859
2.016e+07,2156,1610,1791,1601,1859,1,0,1789,1857
2.016e+07,2159,1610,1789,1601,1859,1,3,1790,1857
2.016e+07,2220,1610,1788,1601,1857,1,8,1790,1851
2.016e+07,2225,1610,1789,1601,1857,1,7,1790,1851
2.016e+07,2231,1610,1791,1601,1857,1,4,1789,1851
2.016e+07,2257,1610,1790,1601,1851,1,-2,1788,1851
2.016e+07,2259,1610,1790,1601,1851,1,-2,1788,1851
2.016e+07,941,1610,1780,1601,1854,1,0,1780,1854
2.016e+07,1001,1610,1780,1601,1854,1,-3,1781,1858
2.016e+07,1010,1610,1779,1601,1854,1,-5,1778,1858
2.016e+07,1012,1610,1779,1601,1854,1,-5,1778,1858
2.016e+07,1030,1610,1780,1601,1856,1,-6,1776,1858
2.016e+07,1040,1610,1780,1601,1856,1,-3,1779,1858
2.016e+07,1049,1610,1779,1601,1857,1,1,1781,1858
2.016e+07,1054,1610,1778,1601,1857,1,7,1782,1854
2.016e+07,1354,1610,1782,1601,1856,1,3,1785,1856
2.016e+07,1357,1610,1782,1601,1857,1,6,1784,1853
2.016e+07,941,1610,1778,1601,1847,1,14,1785,1840
2.016e+07,2119,1610,1767,1601,1838,1,9,1763,1825
2.016e+07,0,1610,1762,1601,1835,1,0,1762,1835
2.016e+07,918,1610,1775,1601,1833,-1,3,1770,1825
2.016e+07,951,1610,1773,1601,1825,-1,1,1775,1826
2.016e+07,1039,1610,1777,1601,1826,-1,1,1777,1825
2.016e+07,1042,1610,1775,1601,1822,-1,-2,1776,1825
2.016e+07,1103,1610,1777,1601,1825,-1,2,1779,1825
2.016e+07,1106,1610,1777,1601,1825,-1,-1,1778,1827
2.016e+07,1108,1610,1777,1601,1825,-1,-3,1776,1827
2.016e+07,1115,1610,1777,1601,1825,-1,-2,1777,1827
2.016e+07,1127,1610,1777,1601,1825,-1,-4,1775,1827
2.016e+07,1330,1610,1779,1601,1825,-1,-6,1775,1827
2.016e+07,1346,1610,1778,1601,1826,-1,-7,1768,1823
2.016e+07,1451,1610,1769,1601,1836,1,4,1770,1833
2.016e+07,2132,1610,1769,1601,1833,1,-2,1769,1835
2.016e+07,2157,1610,1770,1601,1835,1,0,1771,1836
2.016e+07,2304,1610,1766,1601,1835,1,-2,1764,1835
2.016e+07,2306,1610,1765,1601,1835,1,-1,1764,1835
2.016e+07,2338,1610,1762,1601,1835,1,27,1762,1808
2.016e+07,0,1610,1761,1601,1808,-1,0,1761,1808
2.016e+07,155,1610,1761,1601,1808,-1,0,1761,1808
2.016e+07,859,1610,1769,1601,1833,1,2,1768,1830
2.016e+07,1033,1610,1774,1601,1823,1,0,1770,1819
2.016e+07,1443,1610,1769,1601,1808,-1,-10,1765,1814
2.016e+07,0,1610,1755,1601,1674,-1,0,1755,1674
2.016e+07,17,1610,1755,1601,1674,-1,0,1755,1674
2.016e+07,908,1610,1759,1601,1810,-1,-4,1757,1812
2.016e+07,932,1610,1761,1601,1814,1,7,1766,1812
2.016e+07,1424,1610,1751,1601,1780,1,50,1750,1729
2.016e+07,1431,1610,1746,1601,1748,-1,20,1747,1729
2.016e+07,1433,1610,1747,1601,1730,-1,43,1746,1686
2.016e+07,2100,1610,1745,1601,1680,-1,8,1753,1680
2.016e+07,8,1610,1752,1601,1679,-1,-1,1751,1679
2.016e+07,916,1610,1752,1601,1685,1,4,1751,1680
2.016e+07,1003,1610,1753,1601,1687,1,1,1753,1686
2.016e+07,1008,1610,1754,1601,1721,1,33,1752,1686
2.016e+07,1033,1610,1754,1601,1688,-1,-1,1751,1686
2.016e+07,1104,1610,1750,1601,1686,1,-2,1748,1686
2.016e+07,1123,1610,1751,1601,1686,1,1,1752,1686
2.016e+07,1448,1610,1753,1601,1716,1,27,1755,1691
2.016e+07,1457,1610,1752,1601,1691,-1,0,1752,1691
2.016e+07,2146,1610,1751,1601,1679,-1,0,1751,1679
2.016e+07,0,1610,1786,1601,1740,1,-1,1785,1740
2.016e+07,54,1610,1786,1601,1740,1,0,1786,1740
2.016e+07,146,1610,1786,1601,1740,1,0,1786,1740
2.016e+07,156,1610,1786,1601,1740,1,0,1786,1740
2.016e+07,902,1610,1751,1601,1679,-1,-75,1745,1748
2.016e+07,925,1610,1744,1601,1718,1,-21,1749,1744
2.016e+07,949,1610,1747,1601,1744,1,-4,1757,1758
2.016e+07,1005,1610,1756,1601,1748,1,-8,1756,1756
2.016e+07,1422,1610,1760,1601,1756,1,23,1767,1740
2.016e+07,1426,1610,1760,1601,1756,1,24,1768,1740
2.016e+07,1433,1610,1763,1601,1740,-1,6,1769,1740
2.016e+07,2123,1610,1776,1601,1740,-1,2,1778,1740
2.016e+07,2127,1610,1776,1601,1740,-1,2,1778,1740
2.016e+07,2129,1610,1776,1601,1740,-1,2,1778,1740
2.016e+07,2333,1610,1782,1601,1740,-1,52,1799,1705
2.016e+07,2335,1610,1783,1601,1740,-1,51,1799,1705
2.016e+07,2352,1610,1787,1601,1740,-1,46,1798,1705
2.016e+07,0,1610,1798,1601,1705,-1,1,1799,1705
2.016e+07,13,1610,1798,1601,1705,-1,1,1799,1705
2.016e+07,926,1610,1788,1601,1685,-1,-58,1785,1740
2.016e+07,929,1610,1788,1601,1685,-1,-55,1788,1740
2.016e+07,943,1610,1787,1601,1740,-1,2,1789,1740
2.016e+07,957,1610,1785,1601,1740,1,4,1789,1740
2.016e+07,1009,1610,1787,1601,1740,1,1,1788,1740
2.016e+07,1012,1610,1789,1601,1740,1,-1,1788,1740
2.016e+07,1441,1610,1782,1601,1705,1,-1,1781,1705
2.016e+07,2121,1610,1781,1601,1705,-1,10,1791,1705
2.016e+07,2127,1610,1780,1601,1705,-1,14,1794,1705
2.016e+07,2305,1610,1795,1601,1705,-1,3,1798,1705
2.016e+07,2343,1610,1798,1601,1705,-1,-100,1833,1840
2.016e+07,2345,1610,1799,1601,1705,-1,-101,1833,1840
2.016e+07,2355,1610,1799,1601,1705,-1,-102,1836,1844
2.016e+07,0,1610,1833,1701,1840,1,0,1838,1845
2.016e+07,22,1610,1836,1701,1844,1,3,1835,1840
2.016e+07,938,1610,1822,1701,1827,1,2,1825,1828
2.016e+07,942,1610,1819,1701,1825,1,0,1826,1832
2.016e+07,946,1610,1821,1701,1829,1,-3,1829,1840
2.016e+07,949,1610,1823,1701,1830,1,0,1829,1836
2.016e+07,951,1610,1822,1701,1830,1,1,1828,1835
2.016e+07,953,1610,1822,1701,1830,1,4,1829,1833
2.016e+07,1013,1610,1826,1701,1834,1,0,1828,1836
2.016e+07,1033,1610,1829,1701,1840,1,-1,1829,1841
2.016e+07,0,1610,1822,1701,1824,-1,0,1821,1823
2.016e+07,859,1610,1817,1701,1830,1,8,1834,1839
2.016e+07,859,1610,1836,1701,1851,1,7,1847,1855
2.016e+07,911,1610,1877,1701,1874,-1,-8,1876,1881
2.016e+07,2059,1610,1930,1701,1922,-1,-10,1921,1923
2.016e+07,2059,1610,2191,1701,2180,-1,-15,2191,2195
2.016e+07,0,1610,2015,1701,2043,1,19,2034,2043
2.016e+07,13,1610,2031,1701,2043,-1,-7,2024,2043
2.016e+07,22,1610,2022,1701,2043,1,6,2028,2043
2.016e+07,28,1610,2039,1701,2043,-1,-12,2027,2043
2.016e+07,36,1610,2030,1701,2043,1,-2,2028,2043
2.016e+07,54,1610,2028,1701,2043,1,0,2028,2043
2.016e+07,57,1610,2029,1701,2043,1,-1,2028,2043
2.016e+07,859,1610,2191,1701,2195,-1,0,2191,2195
2.016e+07,1002,1610,2191,1701,2181,-1,0,2105,2095
2.016e+07,1013,1610,2137,1701,2121,-1,-3,2084,2071
2.016e+07,1039,1610,2117,1701,2105,-1,1,2110,2097
2.016e+07,1044,1610,2113,1701,2099,-1,-1,2101,2088
2.016e+07,1048,1610,2107,1701,2092,-1,-4,2115,2104
2.016e+07,1051,1610,2086,1701,2070,-1,-5,2105,2094
2.016e+07,1059,1610,2081,1701,2067,-1,-4,2129,2119
2.016e+07,1102,1610,2083,1701,2070,-1,-13,2191,2191
2.016e+07,1107,1610,2084,1701,2070,-1,-5,2180,2171
2.016e+07,1114,1610,2101,1701,2088,-1,-7,2175,2169
2.016e+07,1119,1610,2111,1701,2098,-1,-6,2182,2175
2.016e+07,1121,1610,2105,1701,2094,-1,-6,2185,2180
2.016e+07,1123,1610,2106,1701,2093,-1,-4,2190,2181
2.016e+07,1335,1610,2164,1701,2156,-1,-2,2184,2178
2.016e+07,1337,1610,2180,1701,2171,-1,-3,2186,2180
2.016e+07,1340,1610,2175,1701,2168,-1,0,2184,2177
2.016e+07,1353,1610,2190,1701,2181,-1,-11,2191,2193
2.016e+07,1357,1610,2180,1701,2170,-1,-12,2191,2193
2.016e+07,1359,1610,2182,1701,2170,-1,-15,2191,2194
2.016e+07,2059,1610,2138,1701,2150,1,33,2124,2103
2.016e+07,2108,1610,2096,1701,2074,-1,-1,2114,2093
2.016e+07,2207,1610,2110,1701,2087,-1,-6,2084,2067
2.016e+07,2230,1610,2095,1701,2074,-1,0,2092,2071
2.016e+07,2233,1610,2098,1701,2077,-1,-1,2084,2064
2.016e+07,2238,1610,2093,1701,2070,-1,-5,2074,2056
2.016e+07,2243,1610,2099,1701,2076,-1,-9,2077,2063
2.016e+07,2330,1610,2033,1701,2043,1,42,2132,2100
2.016e+07,2340,1610,2013,1701,2043,1,63,2137,2104
2.016e+07,2357,1610,2018,1701,2043,1,58,2143,2110
2.016e+07,156,1610,2141,1701,2111,-1,0,2141,2111
2.016e+07,859,1610,2028,1701,2043,1,16,2044,2043
2.016e+07,919,1610,2032,1701,2043,1,12,2044,2043
2.016e+07,942,1610,2042,1701,2043,1,-2,2040,2043
2.016e+07,944,1610,2041,1701,2043,1,-4,2037,2043
2.016e+07,956,1610,2047,1701,2043,1,-14,2033,2043
2.016e+07,958,1610,2048,1701,2043,1,-14,2034,2043
2.016e+07,1013,1610,2038,1701,2043,1,-3,2035,2043
2.016e+07,1039,1610,2031,1701,2043,1,6,2037,2043
2.016e+07,1043,1610,2034,1701,2043,1,6,2040,2043
2.016e+07,1100,1610,2031,1701,2043,1,-1,2030,2043
2.016e+07,1114,1610,2040,1701,2043,1,12,2055,2046
2.016e+07,1352,1610,2055,1701,2045,1,1,2054,2043
2.016e+07,1357,1610,2050,1701,2043,1,7,2060,2046
2.016e+07,1459,1610,2057,1701,2045,-1,7,2096,2077
2.016e+07,2101,1610,2081,1701,2067,-1,8,2104,2082
2.016e+07,2107,1610,2094,1701,2077,-1,1,2088,2070
2.016e+07,2109,1610,2118,1701,2100,-1,-1,2087,2070
2.016e+07,2111,1610,2144,1701,2128,-1,3,2091,2072
2.016e+07,2117,1610,2128,1701,2107,-1,-1,2089,2069
2.016e+07,2128,1610,2095,1701,2073,-1,-1,2096,2075
2.016e+07,2133,1610,2099,1701,2075,-1,-2,2089,2067
2.016e+07,2147,1610,2089,1701,2069,-1,4,2091,2067
2.016e+07,2150,1610,2094,1701,2073,-1,1,2091,2069
2.016e+07,2157,1610,2104,1701,2080,-1,-1,2091,2068
2.016e+07,2159,1610,2089,1701,2066,-1,0,2090,2067
2.016e+07,2206,1610,2090,1701,2067,-1,1,2095,2071
2.016e+07,2209,1610,2090,1701,2068,-1,2,2099,2075
2.016e+07,2214,1610,2090,1701,2067,-1,1,2096,2072
2.016e+07,2217,1610,2091,1701,2067,-1,-1,2092,2069
2.016e+07,2221,1610,2093,1701,2070,-1,0,2089,2066
2.016e+07,2224,1610,2090,1701,2066,-1,0,2090,2066
2.016e+07,2226,1610,2092,1701,2068,-1,-1,2093,2070
2.016e+07,2229,1610,2090,1701,2067,-1,3,2095,2069
2.016e+07,2234,1610,2092,1701,2068,-1,1,2097,2072
2.016e+07,2236,1610,2095,1701,2071,-1,1,2102,2077
2.016e+07,2240,1610,2097,1701,2072,-1,1,2094,2068
2.016e+07,2257,1610,2095,1701,2070,-1,2,2104,2077
2.016e+07,2259,1610,2095,1701,2069,-1,-2,2103,2079
2.016e+07,2323,1610,2100,1701,2072,-1,4,2128,2096
2.016e+07,2349,1610,2131,1701,2097,-1,-3,2051,2020
2.016e+07,946,1610,2085,1701,2069,1,-1,2084,2069
2.016e+07,953,1610,2077,1701,2066,1,3,2075,2061
2.016e+07,1030,1610,2088,1701,2073,1,8,2093,2070
2.016e+07,1034,1610,2076,1701,2062,1,8,2089,2067
2.016e+07,1038,1610,2075,1701,2061,1,11,2100,2075
2.016e+07,1103,1610,2090,1701,2069,1,-1,2097,2077
2.016e+07,1105,1610,2088,1701,2068,1,-2,2094,2076
2.016e+07,1335,1610,2094,1701,2076,1,3,2086,2065
2.016e+07,1420,1610,2075,1701,2060,1,2,2086,2069
2.016e+07,1423,1610,2073,1701,2059,1,4,2083,2065
2.016e+07,2059,1610,2072,1701,2060,1,14,2070,2044
2.016e+07,2332,1610,2063,1701,2030,-1,-5,2018,1990
2.016e+07,2059,1610,2000,1701,1981,1,10,2014,1985
2.016e+07,0,1610,1989,1701,1971,1,2,1987,1967
2.016e+07,3,1610,1989,1701,1970,1,1,1988,1968
2.016e+07,2059,1610,1980,1701,1968,1,5,1991,1974
2.016e+07,2117,1610,1973,1701,1959,1,2,1981,1965
2.016e+07,1035,1610,1975,1701,1967,1,4,1978,1966
2.016e+07,0,1610,2030,1701,2002,-1,1,2042,2013
2.016e+07,38,1610,2045,1701,2012,-1,-4,2045,2016
2.016e+07,0,1610,2164,1701,2124,-1,3,2170,2127
2.016e+07,59,1610,2170,1701,2127,-1,0,2170,2127
2.016e+07,859,1610,2118,1701,2092,1,3,2137,2108
2.016e+07,1044,1610,2177,1701,2149,1,2,2178,2148
2.016e+07,1058,1610,2206,1701,2178,1,8,2187,2151
2.016e+07,1449,1610,2164,1701,2120,-1,-2,2156,2114
2.016e+07,2059,1610,2153,1701,2106,-1,-5,2160,2118
2.016e+07,0,1610,2187,1701,2133,-1,5,2199,2140
2.016e+07,36,1610,2210,1701,2148,-1,6,2216,2148
2.016e+07,51,1610,2209,1701,2143,-1,2,2216,2148
2.016e+07,54,1610,2210,1701,2146,-1,4,2216,2148
2.016e+07,59,1610,2216,1701,2148,-1,0,2216,2148
2.016e+07,127,1610,2216,1701,2148,-1,0,2216,2148
2.016e+07,159,1610,2216,1701,2148,-1,0,2216,2148
2.016e+07,955,1610,2155,1701,2117,1,2,2161,2121
2.016e+07,957,1610,2156,1701,2117,1,3,2162,2120
2.016e+07,959,1610,2155,1701,2116,1,2,2162,2121
2.016e+07,1004,1610,2157,1701,2118,1,0,2151,2112
2.016e+07,1008,1610,2157,1701,2118,1,0,2153,2114
2.016e+07,1011,1610,2156,1701,2117,1,1,2156,2116
2.016e+07,1039,1610,2162,1701,2121,1,0,2162,2121
2.016e+07,1043,1610,2162,1701,2121,1,0,2163,2122
2.016e+07,1046,1610,2162,1701,2121,1,1,2160,2118
2.016e+07,1101,1610,2160,1701,2120,1,1,2160,2119
2.016e+07,1109,1610,2162,1701,2121,1,-2,2164,2125
2.016e+07,1113,1610,2163,1701,2122,1,-1,2166,2126
2.016e+07,1115,1610,2163,1701,2122,1,0,2168,2127
2.016e+07,1118,1610,2160,1701,2119,1,1,2169,2127
2.016e+07,1120,1610,2155,1701,2114,1,1,2165,2123
2.016e+07,1126,1610,2155,1701,2115,1,0,2164,2124
2.016e+07,1333,1610,2162,1701,2122,1,0,2159,2119
2.016e+07,1338,1610,2165,1701,2125,1,0,2158,2118
2.016e+07,1353,1610,2161,1701,2122,1,3,2161,2119
2.016e+07,2059,1610,2155,1701,2124,1,5,2151,2115
2.016e+07,2319,1610,2176,1701,2125,-1,3,2188,2134
2.016e+07,859,1610,2216,1701,2148,-1,-9,2230,2171
2.016e+07,1457,1610,2188,1701,2142,1,-1,2172,2127
2.016e+07,2115,1610,2176,1701,2131,1,3,2168,2120
2.016e+07,2117,1610,2174,1701,2129,1,3,2168,2120
2.016e+07,2120,1610,2161,1701,2118,1,6,2167,2118
2.016e+07,2308,1610,2138,1701,2093,1,4,2145,2096
2.016e+07,2100,1610,2124,1701,2085,1,2,2144,2103
2.016e+07,2113,1610,2141,1701,2104,1,3,2134,2094
2.016e+07,0,1610,2205,1701,2143,-1,0,2201,2139
2.016e+07,45,1610,2204,1701,2140,-1,-1,2214,2151
2.016e+07,47,1610,2205,1701,2141,-1,-1,2214,2151
2.016e+07,50,1610,2209,1701,2145,-1,-1,2214,2151
2.016e+07,56,1610,2208,1701,2143,-1,-2,2214,2151
2.016e+07,58,1610,2215,1701,2150,-1,-2,2214,2151
2.016e+07,100,1610,2214,1701,2151,-1,0,2214,2151
2.016e+07,156,1610,2214,1701,2151,-1,0,2214,2151
2.016e+07,158,1610,2214,1701,2151,-1,0,2214,2151
2.016e+07,900,1610,2147,1701,2101,1,2,2152,2104
2.016e+07,1059,1610,2139,1701,2094,1,4,2154,2105
2.016e+07,2059,1610,2190,1701,2125,-1,-8,2189,2132
2.016e+07,2110,1610,2202,1701,2136,-1,-11,2176,2121
2.016e+07,0,1610,2169,1701,2089,-1,-1,2164,2085
2.016e+07,49,1610,2165,1701,2085,-1,-1,2165,2086
2.016e+07,100,1610,2165,1701,2086,-1,0,2165,2086
2.016e+07,135,1610,2165,1701,2086,-1,0,2165,2086
2.016e+07,137,1610,2165,1701,2086,-1,0,2165,2086
2.016e+07,156,1610,2165,1701,2086,-1,0,2165,2086
2.016e+07,859,1610,1848,1701,1854,1,76,2190,2120
2.016e+07,905,1610,2192,1701,2121,-1,0,2189,2118
2.016e+07,0,1610,2104,1701,2040,1,0,2108,2044
2.016e+07,59,1610,2120,1701,2056,1,0,2120,2056
2.016e+07,859,1610,2165,1701,2086,-1,-4,2149,2074
2.016e+07,2246,1610,2125,1701,2065,1,6,2109,2043
2.016e+07,2300,1610,2099,1701,2037,1,2,2106,2042
2.016e+07,2309,1610,2101,1701,2039,1,1,2107,2044
2.016e+07,0,1610,2123,1701,2048,-1,2,2125,2048
2.016e+07,2,1610,2124,1701,2048,-1,1,2126,2049
2.016e+07,947,1610,2111,1701,2031,-1,-7,2117,2044
2.016e+07,0,1610,2174,1701,2078,-1,-2,2176,2082
2.016e+07,50,1610,2172,1701,2074,-1,2,2173,2073
2.016e+07,57,1610,2171,1701,2075,-1,4,2173,2073
2.016e+07,141,1610,2173,1701,2073,-1,0,2173,2073
2.016e+07,144,1610,2173,1701,2073,-1,0,2173,2073
2.016e+07,150,1610,2173,1701,2073,-1,0,2173,2073
2.016e+07,200,1610,2173,1701,2073,-1,-26,2123,2049
2.016e+07,859,1610,2123,1701,2049,1,-2,2113,2041
2.016e+07,957,1610,2117,1701,2045,1,-3,2106,2037
2.016e+07,1058,1610,2109,1701,2037,1,2,2113,2039
2.016e+07,1106,1610,2111,1701,2039,1,8,2121,2041
2.016e+07,1112,1610,2110,1701,2038,1,5,2120,2043
2.016e+07,1122,1610,2110,1701,2039,1,6,2124,2047
2.016e+07,2059,1610,2140,1701,2046,-1,-13,2142,2061
2.016e+07,2213,1610,2152,1701,2067,-1,4,2166,2077
2.016e+07,2244,1610,2169,1701,2077,-1,4,2174,2078
2.016e+07,2301,1610,2179,1701,2084,-1,1,2175,2079
2.016e+07,2310,1610,2177,1701,2079,-1,-2,2176,2080
2.016e+07,2318,1610,2172,1701,2074,-1,-1,2178,2081
2.016e+07,2321,1610,2174,1701,2076,-1,-1,2180,2083
2.016e+07,2333,1610,2176,1701,2079,-1,-103,1848,1854
2.016e+07,2343,1610,2176,1701,2079,-1,-103,1848,1854
2.016e+07,2345,1610,2178,1701,2079,-1,-105,1848,1854
2.016e+07,2349,1610,2179,1701,2081,-1,-104,1848,1854
2.016e+07,0,1610,1848,1701,1854,1,0,1848,1854
2.016e+07,24,1610,1848,1701,1854,1,0,1848,1854
2.016e+07,908,1610,2175,1701,2078,1,-5,2166,2074
2.016e+07,935,1610,2164,1701,2071,-1,-1,2174,2082
2.016e+07,1459,1610,2193,1701,2091,-1,-108,1848,1854
2.016e+07,2118,1610,1848,1701,1854,1,0,1848,1854
2.016e+07,27,1610,2200,1701,2094,-1,-2,2198,2094
2.016e+07,943,1610,2158,1701,2061,-1,4,2165,2064
2.016e+07,952,1610,2162,1701,2063,-1,0,2167,2068
2.016e+07,959,1610,2159,1701,2059,-1,0,2164,2064
2.016e+07,1006,1610,2165,1701,2063,-1,0,2173,2071
2.016e+07,1441,1610,2195,1701,2079,-1,-4,2191,2079
2.016e+07,1459,1610,2193,1701,2076,-1,-8,2195,2086
2.016e+07,0,1610,2248,1701,2137,-1,-4,2251,2144
2.016e+07,2200,1610,2238,1701,2127,-1,-3,2237,2129
2.016e+07,0,1610,2298,1701,2182,-1,1,2305,2188
2.016e+07,5,1610,2304,1701,2186,-1,-1,2304,2187
2.016e+07,859,1610,1848,1701,1854,1,114,2267,2159
2.016e+07,904,1610,2269,1701,2159,-1,-2,2268,2160
2.016e+07,1014,1610,2278,1701,2157,-1,3,2309,2185
2.016e+07,1344,1610,2295,1701,2165,-1,-4,2285,2159
2.016e+07,1358,1610,2294,1701,2164,-1,-1,2284,2155
2.016e+07,1425,1610,2284,1701,2155,-1,2,2293,2162
2.016e+07,1428,1610,2284,1701,2155,-1,0,2294,2165
2.016e+07,1438,1610,2287,1701,2158,-1,7,2294,2158
2.016e+07,1441,1610,2293,1701,2163,-1,8,2302,2164
2.016e+07,1444,1610,2295,1701,2165,-1,8,2304,2166
2.016e+07,1448,1610,2294,1701,2163,-1,6,2306,2169
2.016e+07,1455,1610,2293,1701,2162,-1,9,2308,2168
2.016e+07,2059,1610,2302,1701,2166,-1,2,2310,2172
2.016e+07,2119,1610,2306,1701,2166,-1,0,2311,2171
2.016e+07,2123,1610,2308,1701,2168,-1,3,2316,2173
2.016e+07,2137,1610,2308,1701,2168,-1,-4,2309,2173
2.016e+07,2143,1610,2309,1701,2169,-1,-4,2310,2174
2.016e+07,2148,1610,2310,1701,2170,-1,-3,2312,2175
2.016e+07,2353,1610,2303,1701,2188,1,-10,2375,2270
2.016e+07,0,1610,2372,1701,2270,1,6,2375,2267
2.016e+07,12,1610,2370,1701,2269,1,4,2379,2274
2.016e+07,16,1610,2373,1701,2271,1,5,2380,2273
2.016e+07,27,1610,2375,1701,2270,1,0,2373,2268
2.016e+07,33,1610,2376,1701,2270,1,-1,2369,2264
2.016e+07,35,1610,2376,1701,2271,1,0,2369,2264
2.016e+07,158,1610,2369,1701,2264,1,0,2369,2264
2.016e+07,900,1610,2304,1701,2181,-1,0,2292,2169
2.016e+07,956,1610,2298,1701,2176,-1,-8,2298,2184
2.016e+07,1002,1610,2301,1701,2179,-1,-7,2299,2184
2.016e+07,1012,1610,2299,1701,2177,-1,-7,2303,2188
2.016e+07,1442,1610,2331,1701,2206,-1,0,2343,2218
2.016e+07,1448,1610,2338,1701,2210,-1,-10,2340,2222
2.016e+07,2059,1610,2351,1701,2220,-1,-14,2344,2227
2.016e+07,2256,1610,2350,1701,2243,1,-3,2349,2245
2.016e+07,2347,1610,2373,1701,2273,1,-3,2362,2265
2.016e+07,0,1610,2365,1701,2268,1,-2,2362,2267
2.016e+07,15,1610,2363,1701,2268,1,1,2364,2268
2.016e+07,30,1610,2362,1701,2267,1,1,2366,2270
2.016e+07,53,1610,2366,1701,2271,1,1,2366,2270
2.016e+07,1030,1610,2426,1701,2317,-1,-7,2371,2269
2.016e+07,1032,1610,2418,1701,2310,-1,-5,2367,2264
2.016e+07,1036,1610,2399,1701,2290,-1,-10,2352,2253
2.016e+07,1348,1610,2392,1701,2307,1,-3,2381,2299
2.016e+07,1410,1610,2379,1701,2300,1,2,2373,2292
2.016e+07,1435,1610,2362,1701,2281,1,5,2355,2269
2.016e+07,1440,1610,2373,1701,2292,1,3,2360,2276
2.016e+07,1458,1610,2358,1701,2276,1,8,2360,2270
2.016e+07,2059,1610,2355,1701,2281,1,14,2358,2270
2.016e+07,2102,1610,2355,1701,2275,1,7,2362,2275
2.016e+07,2335,1610,2362,1701,2266,-1,-1,2326,2231
2.016e+07,2338,1610,2361,1701,2264,-1,-2,2326,2231
2.016e+07,2341,1610,2361,1701,2262,-1,-4,2328,2233
2.016e+07,2343,1610,2363,1701,2262,-1,-6,2329,2234
2.016e+07,2142,1610,2322,1701,2223,-1,-4,2317,2222
2.016e+07,0,1610,2320,1701,2237,1,0,2322,2239
2.016e+07,859,1610,2333,1701,2235,-1,-1,2337,2240
2.016e+07,1044,1610,2319,1701,2223,-1,-2,2319,2225
2.016e+07,2059,1610,2287,1701,2206,1,10,2304,2213
2.016e+07,859,1610,1848,1701,1854,1,97,2370,2279
2.016e+07,1337,1610,2476,1701,2389,1,2,2477,2388
2.016e+07,2059,1610,2501,1701,2403,-1,-6,2529,2437
2.016e+07,0,1610,2744,1701,2641,-1,-3,2701,2601
2.016e+07,48,1610,2736,1701,2636,-1,-4,2694,2598
2.016e+07,50,1610,2723,1701,2620,-1,-7,2694,2598
2.016e+07,1445,1610,2592,1701,2501,1,25,2638,2522
2.016e+07,1448,1610,2592,1701,2501,1,25,2637,2521
2.016e+07,2059,1610,2612,1701,2507,-1,17,2660,2538
2.016e+07,2125,1610,2662,1701,2539,-1,0,2672,2549
2.016e+07,2127,1610,2666,1701,2543,-1,0,2669,2546
2.016e+07,2148,1610,2668,1701,2544,-1,-7,2667,2550
2.016e+07,2150,1610,2670,1701,2546,-1,-7,2670,2553
2.016e+07,2154,1610,2671,1701,2547,-1,-11,2677,2564
2.016e+07,2157,1610,2669,1701,2546,-1,-9,2677,2563
2.016e+07,2202,1610,2672,1701,2550,-1,-11,2680,2569
2.016e+07,2215,1610,2664,1701,2546,-1,-14,2695,2591
2.016e+07,2218,1610,2667,1701,2550,-1,-13,2691,2587
2.016e+07,2225,1610,2682,1701,2567,-1,-14,2696,2595
2.016e+07,2305,1610,2729,1701,2621,-1,0,2748,2640
2.016e+07,2353,1610,2746,1701,2647,1,-7,2659,2567
2.016e+07,0,1610,2652,1701,2560,1,2,2677,2583
2.016e+07,42,1610,2667,1701,2578,1,9,2659,2561
2.016e+07,49,1610,2660,1701,2571,1,9,2659,2561
2.016e+07,57,1610,2654,1701,2564,1,8,2659,2561
2.016e+07,938,1610,2675,1701,2591,1,4,2691,2603
2.016e+07,1413,1610,2780,1701,2677,-1,-5,2770,2672
2.016e+07,1436,1610,2769,1701,2669,-1,-8,2688,2596
2.016e+07,2059,1610,2735,1701,2635,-1,-11,2633,2544
